Model,Asset,Value,What
MLPClassifier,BTCUSDT_1h,0.5160061269593933,F1 VALIDATION
MLPClassifier,BTCUSDT_1h,"{1: 0.5317460317460317, 0: 0.46825396825396826}",DESBALANCEO REAL VAL
MLPClassifier,BTCUSDT_1h,"{1: 0.5634920634920635, 0: 0.4365079365079365}",DESBALANCEO PREDICCIÓN VAL
MLPClassifier,BTCUSDT_1h,0.3874864905763302,F1 VALIDATION
MLPClassifier,BTCUSDT_1h,"{1: 0.5317460317460317, 0: 0.46825396825396826}",DESBALANCEO REAL VAL
MLPClassifier,BTCUSDT_1h,"{1: 0.7063492063492064, 0: 0.29365079365079366}",DESBALANCEO PREDICCIÓN VAL
MLPClassifier,BTCUSDT_1h,0.4396803804686501,F1 VALIDATION
MLPClassifier,BTCUSDT_1h,"{1: 0.5317460317460317, 0: 0.46825396825396826}",DESBALANCEO REAL VAL
MLPClassifier,BTCUSDT_1h,{1: 1.0},DESBALANCEO PREDICCIÓN VAL
MLPClassifier,BTCUSDT_1h,0.5003894279455678,F1 VALIDATION
MLPClassifier,BTCUSDT_1h,"{1: 0.5317460317460317, 0: 0.46825396825396826}",DESBALANCEO REAL VAL
MLPClassifier,BTCUSDT_1h,"{1: 0.6031746031746031, 0: 0.3968253968253968}",DESBALANCEO PREDICCIÓN VAL
MLPClassifier,BTCUSDT_1h,0.4798743617060463,F1 VALIDATION
MLPClassifier,BTCUSDT_1h,"{1: 0.5317460317460317, 0: 0.46825396825396826}",DESBALANCEO REAL VAL
MLPClassifier,BTCUSDT_1h,"{0: 0.746031746031746, 1: 0.25396825396825395}",DESBALANCEO PREDICCIÓN VAL
MLPClassifier,BTCUSDT_1h,0.4113245020526177,F1 VALIDATION
MLPClassifier,BTCUSDT_1h,"{1: 0.5317460317460317, 0: 0.46825396825396826}",DESBALANCEO REAL VAL
MLPClassifier,BTCUSDT_1h,"{1: 0.8650793650793651, 0: 0.1349206349206349}",DESBALANCEO PREDICCIÓN VAL
MLPClassifier,BTCUSDT_1h,0.4435338935155605,F1 VALIDATION
MLPClassifier,BTCUSDT_1h,"{1: 0.5317460317460317, 0: 0.46825396825396826}",DESBALANCEO REAL VAL
MLPClassifier,BTCUSDT_1h,"{1: 0.7698412698412699, 0: 0.23015873015873015}",DESBALANCEO PREDICCIÓN VAL
MLPClassifier,BTCUSDT_1h,0.477762871253821,F1 VALIDATION
MLPClassifier,BTCUSDT_1h,"{1: 0.5317460317460317, 0: 0.46825396825396826}",DESBALANCEO REAL VAL
MLPClassifier,BTCUSDT_1h,"{0: 0.6111111111111112, 1: 0.3888888888888889}",DESBALANCEO PREDICCIÓN VAL
MLPClassifier,BTCUSDT_1h,0.460432770828061,F1 VALIDATION
MLPClassifier,BTCUSDT_1h,"{1: 0.5317460317460317, 0: 0.46825396825396826}",DESBALANCEO REAL VAL
MLPClassifier,BTCUSDT_1h,"{0: 0.6825396825396826, 1: 0.31746031746031744}",DESBALANCEO PREDICCIÓN VAL
MLPClassifier,BTCUSDT_1h,0.36227791488078653,F1 VALIDATION
MLPClassifier,BTCUSDT_1h,"{1: 0.5317460317460317, 0: 0.46825396825396826}",DESBALANCEO REAL VAL
MLPClassifier,BTCUSDT_1h,{1: 1.0},DESBALANCEO PREDICCIÓN VAL
MLPClassifier,BTCUSDT_1h,0.5144389909827646,FINAL TEST
MLPClassifier,BTCUSDT_1h,0.4890481490003854,F1 FINAL TEST
MLPClassifier,BTCUSDT_1h,"{1: 0.5111288665677434, 0: 0.4888711334322566}",DESBALANCEO REAL
MLPClassifier,BTCUSDT_1h,"{1: 0.7117908914507476, 0: 0.28820910854925236}",DESBALANCEO PREDICCIÓN
MLPClassifier,ETHUSDT_1h,0.4609354768204314,F1 VALIDATION
MLPClassifier,ETHUSDT_1h,"{1: 0.5317460317460317, 0: 0.46825396825396826}",DESBALANCEO REAL VAL
MLPClassifier,ETHUSDT_1h,"{1: 0.8412698412698413, 0: 0.15873015873015872}",DESBALANCEO PREDICCIÓN VAL
MLPClassifier,ETHUSDT_1h,0.42247078913812947,F1 VALIDATION
MLPClassifier,ETHUSDT_1h,"{1: 0.5317460317460317, 0: 0.46825396825396826}",DESBALANCEO REAL VAL
MLPClassifier,ETHUSDT_1h,{1: 1.0},DESBALANCEO PREDICCIÓN VAL
MLPClassifier,ETHUSDT_1h,0.4919846045985099,F1 VALIDATION
MLPClassifier,ETHUSDT_1h,"{1: 0.5317460317460317, 0: 0.46825396825396826}",DESBALANCEO REAL VAL
MLPClassifier,ETHUSDT_1h,"{0: 0.5, 1: 0.5}",DESBALANCEO PREDICCIÓN VAL
MLPClassifier,ETHUSDT_1h,0.5406206420952766,F1 VALIDATION
MLPClassifier,ETHUSDT_1h,"{1: 0.5317460317460317, 0: 0.46825396825396826}",DESBALANCEO REAL VAL
MLPClassifier,ETHUSDT_1h,"{1: 0.5238095238095238, 0: 0.47619047619047616}",DESBALANCEO PREDICCIÓN VAL
MLPClassifier,ETHUSDT_1h,0.44369359586025137,F1 VALIDATION
MLPClassifier,ETHUSDT_1h,"{1: 0.5317460317460317, 0: 0.46825396825396826}",DESBALANCEO REAL VAL
MLPClassifier,ETHUSDT_1h,"{0: 0.746031746031746, 1: 0.25396825396825395}",DESBALANCEO PREDICCIÓN VAL
MLPClassifier,ETHUSDT_1h,0.4940472671394224,F1 VALIDATION
MLPClassifier,ETHUSDT_1h,"{1: 0.5317460317460317, 0: 0.46825396825396826}",DESBALANCEO REAL VAL
MLPClassifier,ETHUSDT_1h,"{0: 0.6031746031746031, 1: 0.3968253968253968}",DESBALANCEO PREDICCIÓN VAL
MLPClassifier,ETHUSDT_1h,0.40449929587924255,F1 VALIDATION
MLPClassifier,ETHUSDT_1h,"{1: 0.5317460317460317, 0: 0.46825396825396826}",DESBALANCEO REAL VAL
MLPClassifier,ETHUSDT_1h,"{1: 0.7698412698412699, 0: 0.23015873015873015}",DESBALANCEO PREDICCIÓN VAL
MLPClassifier,ETHUSDT_1h,0.4137467257437379,F1 VALIDATION
MLPClassifier,ETHUSDT_1h,"{1: 0.5317460317460317, 0: 0.46825396825396826}",DESBALANCEO REAL VAL
MLPClassifier,ETHUSDT_1h,"{1: 0.7619047619047619, 0: 0.23809523809523808}",DESBALANCEO PREDICCIÓN VAL
MLPClassifier,ETHUSDT_1h,0.34368569507617747,F1 VALIDATION
MLPClassifier,ETHUSDT_1h,"{1: 0.5317460317460317, 0: 0.46825396825396826}",DESBALANCEO REAL VAL
MLPClassifier,ETHUSDT_1h,{1: 1.0},DESBALANCEO PREDICCIÓN VAL
MLPClassifier,ETHUSDT_1h,0.4186611536428039,F1 VALIDATION
MLPClassifier,ETHUSDT_1h,"{1: 0.5317460317460317, 0: 0.46825396825396826}",DESBALANCEO REAL VAL
MLPClassifier,ETHUSDT_1h,"{0: 0.873015873015873, 1: 0.12698412698412698}",DESBALANCEO PREDICCIÓN VAL
MLPClassifier,ETHUSDT_1h,0.5096450176920443,FINAL TEST
MLPClassifier,ETHUSDT_1h,0.47304203482208407,F1 FINAL TEST
MLPClassifier,ETHUSDT_1h,"{1: 0.5079328843739299, 0: 0.4920671156260701}",DESBALANCEO REAL
MLPClassifier,ETHUSDT_1h,"{0: 0.7714872731423353, 1: 0.22851272685766466}",DESBALANCEO PREDICCIÓN
MLPClassifier,XRPUSDT_1h,0.4886320462383688,F1 VALIDATION
MLPClassifier,XRPUSDT_1h,"{1: 0.5476190476190477, 0: 0.4523809523809524}",DESBALANCEO REAL VAL
MLPClassifier,XRPUSDT_1h,"{1: 0.7063492063492064, 0: 0.29365079365079366}",DESBALANCEO PREDICCIÓN VAL
MLPClassifier,XRPUSDT_1h,0.5300075519972085,F1 VALIDATION
MLPClassifier,XRPUSDT_1h,"{1: 0.5476190476190477, 0: 0.4523809523809524}",DESBALANCEO REAL VAL
MLPClassifier,XRPUSDT_1h,"{0: 0.5714285714285714, 1: 0.42857142857142855}",DESBALANCEO PREDICCIÓN VAL
MLPClassifier,XRPUSDT_1h,0.5486897212040601,F1 VALIDATION
MLPClassifier,XRPUSDT_1h,"{1: 0.5476190476190477, 0: 0.4523809523809524}",DESBALANCEO REAL VAL
MLPClassifier,XRPUSDT_1h,"{1: 0.5555555555555556, 0: 0.4444444444444444}",DESBALANCEO PREDICCIÓN VAL
MLPClassifier,XRPUSDT_1h,0.5425445967558715,F1 VALIDATION
MLPClassifier,XRPUSDT_1h,"{1: 0.5476190476190477, 0: 0.4523809523809524}",DESBALANCEO REAL VAL
MLPClassifier,XRPUSDT_1h,"{1: 0.6507936507936508, 0: 0.3492063492063492}",DESBALANCEO PREDICCIÓN VAL
MLPClassifier,XRPUSDT_1h,0.5405316963624476,F1 VALIDATION
MLPClassifier,XRPUSDT_1h,"{1: 0.5476190476190477, 0: 0.4523809523809524}",DESBALANCEO REAL VAL
MLPClassifier,XRPUSDT_1h,"{1: 0.5317460317460317, 0: 0.46825396825396826}",DESBALANCEO PREDICCIÓN VAL
MLPClassifier,XRPUSDT_1h,0.5382276412915461,F1 VALIDATION
MLPClassifier,XRPUSDT_1h,"{1: 0.5476190476190477, 0: 0.4523809523809524}",DESBALANCEO REAL VAL
MLPClassifier,XRPUSDT_1h,"{1: 0.5317460317460317, 0: 0.46825396825396826}",DESBALANCEO PREDICCIÓN VAL
MLPClassifier,XRPUSDT_1h,0.49017636971319584,F1 VALIDATION
MLPClassifier,XRPUSDT_1h,"{1: 0.5476190476190477, 0: 0.4523809523809524}",DESBALANCEO REAL VAL
MLPClassifier,XRPUSDT_1h,"{0: 0.5714285714285714, 1: 0.42857142857142855}",DESBALANCEO PREDICCIÓN VAL
MLPClassifier,XRPUSDT_1h,0.47015422023711706,F1 VALIDATION
MLPClassifier,XRPUSDT_1h,"{1: 0.5476190476190477, 0: 0.4523809523809524}",DESBALANCEO REAL VAL
MLPClassifier,XRPUSDT_1h,"{1: 0.9047619047619048, 0: 0.09523809523809523}",DESBALANCEO PREDICCIÓN VAL
MLPClassifier,XRPUSDT_1h,0.5140346098687311,F1 VALIDATION
MLPClassifier,XRPUSDT_1h,"{1: 0.5476190476190477, 0: 0.4523809523809524}",DESBALANCEO REAL VAL
MLPClassifier,XRPUSDT_1h,"{1: 0.6507936507936508, 0: 0.3492063492063492}",DESBALANCEO PREDICCIÓN VAL
MLPClassifier,XRPUSDT_1h,0.4210455781170017,F1 VALIDATION
MLPClassifier,XRPUSDT_1h,"{1: 0.5476190476190477, 0: 0.4523809523809524}",DESBALANCEO REAL VAL
MLPClassifier,XRPUSDT_1h,"{1: 0.7301587301587301, 0: 0.2698412698412698}",DESBALANCEO PREDICCIÓN VAL
MLPClassifier,XRPUSDT_1h,0.5199178176007305,FINAL TEST
MLPClassifier,XRPUSDT_1h,0.517869821277451,F1 FINAL TEST
MLPClassifier,XRPUSDT_1h,"{1: 0.502454057755964, 0: 0.4975459422440361}",DESBALANCEO REAL
MLPClassifier,XRPUSDT_1h,"{0: 0.5676292660655177, 1: 0.4323707339344824}",DESBALANCEO PREDICCIÓN
MLPClassifier,BNBUSDT_1h,0.33200745201019793,F1 VALIDATION
MLPClassifier,BNBUSDT_1h,"{1: 0.5158730158730159, 0: 0.48412698412698413}",DESBALANCEO REAL VAL
MLPClassifier,BNBUSDT_1h,{0: 1.0},DESBALANCEO PREDICCIÓN VAL
MLPClassifier,BNBUSDT_1h,0.42514837266445227,F1 VALIDATION
MLPClassifier,BNBUSDT_1h,"{1: 0.5158730158730159, 0: 0.48412698412698413}",DESBALANCEO REAL VAL
MLPClassifier,BNBUSDT_1h,"{0: 0.8492063492063492, 1: 0.15079365079365079}",DESBALANCEO PREDICCIÓN VAL
MLPClassifier,BNBUSDT_1h,0.3464920706686329,F1 VALIDATION
MLPClassifier,BNBUSDT_1h,"{1: 0.5158730158730159, 0: 0.48412698412698413}",DESBALANCEO REAL VAL
MLPClassifier,BNBUSDT_1h,{1: 1.0},DESBALANCEO PREDICCIÓN VAL
MLPClassifier,BNBUSDT_1h,0.4392846189651881,F1 VALIDATION
MLPClassifier,BNBUSDT_1h,"{1: 0.5158730158730159, 0: 0.48412698412698413}",DESBALANCEO REAL VAL
MLPClassifier,BNBUSDT_1h,"{0: 0.8015873015873016, 1: 0.1984126984126984}",DESBALANCEO PREDICCIÓN VAL
MLPClassifier,BNBUSDT_1h,0.43418883463637153,F1 VALIDATION
MLPClassifier,BNBUSDT_1h,"{1: 0.5158730158730159, 0: 0.48412698412698413}",DESBALANCEO REAL VAL
MLPClassifier,BNBUSDT_1h,"{0: 0.6904761904761905, 1: 0.30952380952380953}",DESBALANCEO PREDICCIÓN VAL
MLPClassifier,BNBUSDT_1h,0.46855595155648383,F1 VALIDATION
MLPClassifier,BNBUSDT_1h,"{1: 0.5158730158730159, 0: 0.48412698412698413}",DESBALANCEO REAL VAL
MLPClassifier,BNBUSDT_1h,"{0: 0.5555555555555556, 1: 0.4444444444444444}",DESBALANCEO PREDICCIÓN VAL
MLPClassifier,BNBUSDT_1h,0.514132980888941,F1 VALIDATION
MLPClassifier,BNBUSDT_1h,"{1: 0.5158730158730159, 0: 0.48412698412698413}",DESBALANCEO REAL VAL
MLPClassifier,BNBUSDT_1h,"{0: 0.5555555555555556, 1: 0.4444444444444444}",DESBALANCEO PREDICCIÓN VAL
MLPClassifier,BNBUSDT_1h,0.4977375645287512,F1 VALIDATION
MLPClassifier,BNBUSDT_1h,"{1: 0.5158730158730159, 0: 0.48412698412698413}",DESBALANCEO REAL VAL
MLPClassifier,BNBUSDT_1h,"{1: 0.7936507936507936, 0: 0.20634920634920634}",DESBALANCEO PREDICCIÓN VAL
MLPClassifier,BNBUSDT_1h,0.4693982245520842,F1 VALIDATION
MLPClassifier,BNBUSDT_1h,"{1: 0.5158730158730159, 0: 0.48412698412698413}",DESBALANCEO REAL VAL
MLPClassifier,BNBUSDT_1h,"{0: 0.9126984126984127, 1: 0.0873015873015873}",DESBALANCEO PREDICCIÓN VAL
MLPClassifier,BNBUSDT_1h,0.49891907465904667,F1 VALIDATION
MLPClassifier,BNBUSDT_1h,"{1: 0.5158730158730159, 0: 0.48412698412698413}",DESBALANCEO REAL VAL
MLPClassifier,BNBUSDT_1h,"{1: 0.7619047619047619, 0: 0.23809523809523808}",DESBALANCEO PREDICCIÓN VAL
MLPClassifier,BNBUSDT_1h,0.48727314233534985,FINAL TEST
MLPClassifier,BNBUSDT_1h,0.3585210219167897,F1 FINAL TEST
MLPClassifier,BNBUSDT_1h,"{1: 0.5145531332039721, 0: 0.48544686679602783}",DESBALANCEO REAL
MLPClassifier,BNBUSDT_1h,"{0: 0.9625613514438991, 1: 0.0374386485561009}",DESBALANCEO PREDICCIÓN
MLPClassifier,SOLUSDT_1h,0.3213781587782002,F1 VALIDATION
MLPClassifier,SOLUSDT_1h,"{1: 0.5476190476190477, 0: 0.4523809523809524}",DESBALANCEO REAL VAL
MLPClassifier,SOLUSDT_1h,{0: 1.0},DESBALANCEO PREDICCIÓN VAL
MLPClassifier,SOLUSDT_1h,0.39023364072008027,F1 VALIDATION
MLPClassifier,SOLUSDT_1h,"{1: 0.5476190476190477, 0: 0.4523809523809524}",DESBALANCEO REAL VAL
MLPClassifier,SOLUSDT_1h,"{0: 0.5317460317460317, 1: 0.46825396825396826}",DESBALANCEO PREDICCIÓN VAL
MLPClassifier,SOLUSDT_1h,0.48882097138761826,F1 VALIDATION
MLPClassifier,SOLUSDT_1h,"{1: 0.5476190476190477, 0: 0.4523809523809524}",DESBALANCEO REAL VAL
MLPClassifier,SOLUSDT_1h,"{0: 0.6587301587301587, 1: 0.3412698412698413}",DESBALANCEO PREDICCIÓN VAL
MLPClassifier,SOLUSDT_1h,0.4197063357578947,F1 VALIDATION
MLPClassifier,SOLUSDT_1h,"{1: 0.5476190476190477, 0: 0.4523809523809524}",DESBALANCEO REAL VAL
MLPClassifier,SOLUSDT_1h,{1: 1.0},DESBALANCEO PREDICCIÓN VAL
MLPClassifier,SOLUSDT_1h,0.48980383864383004,F1 VALIDATION
MLPClassifier,SOLUSDT_1h,"{1: 0.5476190476190477, 0: 0.4523809523809524}",DESBALANCEO REAL VAL
MLPClassifier,SOLUSDT_1h,"{1: 0.8095238095238095, 0: 0.19047619047619047}",DESBALANCEO PREDICCIÓN VAL
MLPClassifier,SOLUSDT_1h,0.5034096818322195,F1 VALIDATION
MLPClassifier,SOLUSDT_1h,"{1: 0.5476190476190477, 0: 0.4523809523809524}",DESBALANCEO REAL VAL
MLPClassifier,SOLUSDT_1h,"{0: 0.5714285714285714, 1: 0.42857142857142855}",DESBALANCEO PREDICCIÓN VAL
MLPClassifier,SOLUSDT_1h,0.4867285630118836,F1 VALIDATION
MLPClassifier,SOLUSDT_1h,"{1: 0.5476190476190477, 0: 0.4523809523809524}",DESBALANCEO REAL VAL
MLPClassifier,SOLUSDT_1h,"{1: 0.5079365079365079, 0: 0.49206349206349204}",DESBALANCEO PREDICCIÓN VAL
MLPClassifier,SOLUSDT_1h,0.531058537130356,F1 VALIDATION
MLPClassifier,SOLUSDT_1h,"{1: 0.5476190476190477, 0: 0.4523809523809524}",DESBALANCEO REAL VAL
MLPClassifier,SOLUSDT_1h,"{1: 0.6111111111111112, 0: 0.3888888888888889}",DESBALANCEO PREDICCIÓN VAL
MLPClassifier,SOLUSDT_1h,0.438233752176851,F1 VALIDATION
MLPClassifier,SOLUSDT_1h,"{1: 0.5476190476190477, 0: 0.4523809523809524}",DESBALANCEO REAL VAL
MLPClassifier,SOLUSDT_1h,{1: 1.0},DESBALANCEO PREDICCIÓN VAL
MLPClassifier,SOLUSDT_1h,0.3213781587782002,F1 VALIDATION
MLPClassifier,SOLUSDT_1h,"{1: 0.5476190476190477, 0: 0.4523809523809524}",DESBALANCEO REAL VAL
MLPClassifier,SOLUSDT_1h,{0: 1.0},DESBALANCEO PREDICCIÓN VAL
MLPClassifier,SOLUSDT_1h,0.5162652665220865,FINAL TEST
MLPClassifier,SOLUSDT_1h,0.4873407860537917,F1 FINAL TEST
MLPClassifier,SOLUSDT_1h,"{1: 0.5053076132861546, 0: 0.49469238671384547}",DESBALANCEO REAL
MLPClassifier,SOLUSDT_1h,"{0: 0.7428375756192216, 1: 0.25716242438077846}",DESBALANCEO PREDICCIÓN
MLPClassifier,ADAUSDT_1h,0.3631295456438368,F1 VALIDATION
MLPClassifier,ADAUSDT_1h,"{1: 0.5238095238095238, 0: 0.47619047619047616}",DESBALANCEO REAL VAL
MLPClassifier,ADAUSDT_1h,{0: 1.0},DESBALANCEO PREDICCIÓN VAL
MLPClassifier,ADAUSDT_1h,0.458850846051542,F1 VALIDATION
MLPClassifier,ADAUSDT_1h,"{1: 0.5238095238095238, 0: 0.47619047619047616}",DESBALANCEO REAL VAL
MLPClassifier,ADAUSDT_1h,"{0: 0.9523809523809523, 1: 0.047619047619047616}",DESBALANCEO PREDICCIÓN VAL
MLPClassifier,ADAUSDT_1h,0.3364084087824411,F1 VALIDATION
MLPClassifier,ADAUSDT_1h,"{1: 0.5238095238095238, 0: 0.47619047619047616}",DESBALANCEO REAL VAL
MLPClassifier,ADAUSDT_1h,{0: 1.0},DESBALANCEO PREDICCIÓN VAL
MLPClassifier,ADAUSDT_1h,0.5033894020214265,F1 VALIDATION
MLPClassifier,ADAUSDT_1h,"{1: 0.5238095238095238, 0: 0.47619047619047616}",DESBALANCEO REAL VAL
MLPClassifier,ADAUSDT_1h,"{0: 0.6349206349206349, 1: 0.36507936507936506}",DESBALANCEO PREDICCIÓN VAL
MLPClassifier,ADAUSDT_1h,0.4803887031107821,F1 VALIDATION
MLPClassifier,ADAUSDT_1h,"{1: 0.5238095238095238, 0: 0.47619047619047616}",DESBALANCEO REAL VAL
MLPClassifier,ADAUSDT_1h,"{0: 0.746031746031746, 1: 0.25396825396825395}",DESBALANCEO PREDICCIÓN VAL
MLPClassifier,ADAUSDT_1h,0.38000254276987877,F1 VALIDATION
MLPClassifier,ADAUSDT_1h,"{1: 0.5238095238095238, 0: 0.47619047619047616}",DESBALANCEO REAL VAL
MLPClassifier,ADAUSDT_1h,"{0: 0.9920634920634921, 1: 0.007936507936507936}",DESBALANCEO PREDICCIÓN VAL
MLPClassifier,ADAUSDT_1h,0.43362490839084433,F1 VALIDATION
MLPClassifier,ADAUSDT_1h,"{1: 0.5238095238095238, 0: 0.47619047619047616}",DESBALANCEO REAL VAL
MLPClassifier,ADAUSDT_1h,"{0: 0.7619047619047619, 1: 0.23809523809523808}",DESBALANCEO PREDICCIÓN VAL
MLPClassifier,ADAUSDT_1h,0.4729135118152151,F1 VALIDATION
MLPClassifier,ADAUSDT_1h,"{1: 0.5238095238095238, 0: 0.47619047619047616}",DESBALANCEO REAL VAL
MLPClassifier,ADAUSDT_1h,"{0: 0.7380952380952381, 1: 0.2619047619047619}",DESBALANCEO PREDICCIÓN VAL
MLPClassifier,ADAUSDT_1h,0.4336356567588563,F1 VALIDATION
MLPClassifier,ADAUSDT_1h,"{1: 0.5238095238095238, 0: 0.47619047619047616}",DESBALANCEO REAL VAL
MLPClassifier,ADAUSDT_1h,"{0: 0.5396825396825397, 1: 0.4603174603174603}",DESBALANCEO PREDICCIÓN VAL
MLPClassifier,ADAUSDT_1h,0.4315069210549158,F1 VALIDATION
MLPClassifier,ADAUSDT_1h,"{1: 0.5238095238095238, 0: 0.47619047619047616}",DESBALANCEO REAL VAL
MLPClassifier,ADAUSDT_1h,"{1: 0.6111111111111112, 0: 0.3888888888888889}",DESBALANCEO PREDICCIÓN VAL
MLPClassifier,ADAUSDT_1h,0.5214016664764296,FINAL TEST
MLPClassifier,ADAUSDT_1h,0.5170037298064688,F1 FINAL TEST
MLPClassifier,ADAUSDT_1h,"{0: 0.5064490354982308, 1: 0.4935509645017692}",DESBALANCEO REAL
MLPClassifier,ADAUSDT_1h,"{0: 0.5889738614313434, 1: 0.41102613856865655}",DESBALANCEO PREDICCIÓN
MLPClassifier,TRXUSDT_1h,0.3652074182480402,F1 VALIDATION
MLPClassifier,TRXUSDT_1h,"{1: 0.5952380952380952, 0: 0.40476190476190477}",DESBALANCEO REAL VAL
MLPClassifier,TRXUSDT_1h,"{1: 0.9841269841269841, 0: 0.015873015873015872}",DESBALANCEO PREDICCIÓN VAL
MLPClassifier,TRXUSDT_1h,0.45042165409754975,F1 VALIDATION
MLPClassifier,TRXUSDT_1h,"{1: 0.5952380952380952, 0: 0.40476190476190477}",DESBALANCEO REAL VAL
MLPClassifier,TRXUSDT_1h,"{1: 0.9444444444444444, 0: 0.05555555555555555}",DESBALANCEO PREDICCIÓN VAL
MLPClassifier,TRXUSDT_1h,0.4824380250751064,F1 VALIDATION
MLPClassifier,TRXUSDT_1h,"{1: 0.5952380952380952, 0: 0.40476190476190477}",DESBALANCEO REAL VAL
MLPClassifier,TRXUSDT_1h,"{1: 0.5476190476190477, 0: 0.4523809523809524}",DESBALANCEO PREDICCIÓN VAL
MLPClassifier,TRXUSDT_1h,0.5082988213990687,F1 VALIDATION
MLPClassifier,TRXUSDT_1h,"{1: 0.5952380952380952, 0: 0.40476190476190477}",DESBALANCEO REAL VAL
MLPClassifier,TRXUSDT_1h,"{1: 0.5079365079365079, 0: 0.49206349206349204}",DESBALANCEO PREDICCIÓN VAL
MLPClassifier,TRXUSDT_1h,0.4045310203074755,F1 VALIDATION
MLPClassifier,TRXUSDT_1h,"{1: 0.5952380952380952, 0: 0.40476190476190477}",DESBALANCEO REAL VAL
MLPClassifier,TRXUSDT_1h,"{1: 0.9761904761904762, 0: 0.023809523809523808}",DESBALANCEO PREDICCIÓN VAL
MLPClassifier,TRXUSDT_1h,0.4853141092669665,F1 VALIDATION
MLPClassifier,TRXUSDT_1h,"{1: 0.5952380952380952, 0: 0.40476190476190477}",DESBALANCEO REAL VAL
MLPClassifier,TRXUSDT_1h,"{1: 0.5238095238095238, 0: 0.47619047619047616}",DESBALANCEO PREDICCIÓN VAL
MLPClassifier,TRXUSDT_1h,0.49473735925871376,F1 VALIDATION
MLPClassifier,TRXUSDT_1h,"{1: 0.5952380952380952, 0: 0.40476190476190477}",DESBALANCEO REAL VAL
MLPClassifier,TRXUSDT_1h,"{1: 0.6984126984126984, 0: 0.30158730158730157}",DESBALANCEO PREDICCIÓN VAL
MLPClassifier,TRXUSDT_1h,0.349515792962219,F1 VALIDATION
MLPClassifier,TRXUSDT_1h,"{1: 0.5952380952380952, 0: 0.40476190476190477}",DESBALANCEO REAL VAL
MLPClassifier,TRXUSDT_1h,{1: 1.0},DESBALANCEO PREDICCIÓN VAL
MLPClassifier,TRXUSDT_1h,0.349515792962219,F1 VALIDATION
MLPClassifier,TRXUSDT_1h,"{1: 0.5952380952380952, 0: 0.40476190476190477}",DESBALANCEO REAL VAL
MLPClassifier,TRXUSDT_1h,{1: 1.0},DESBALANCEO PREDICCIÓN VAL
MLPClassifier,TRXUSDT_1h,0.3523300047316547,F1 VALIDATION
MLPClassifier,TRXUSDT_1h,"{1: 0.5952380952380952, 0: 0.40476190476190477}",DESBALANCEO REAL VAL
MLPClassifier,TRXUSDT_1h,"{1: 0.9761904761904762, 0: 0.023809523809523808}",DESBALANCEO PREDICCIÓN VAL
MLPClassifier,TRXUSDT_1h,0.5175208309553704,FINAL TEST
MLPClassifier,TRXUSDT_1h,0.3433558149756857,F1 FINAL TEST
MLPClassifier,TRXUSDT_1h,"{1: 0.5171784042917476, 0: 0.4828215957082525}",DESBALANCEO REAL
MLPClassifier,TRXUSDT_1h,"{1: 0.9978312977970552, 0: 0.0021687022029448695}",DESBALANCEO PREDICCIÓN
MLPClassifier,LINKUSDT_1h,0.46142574415863036,F1 VALIDATION
MLPClassifier,LINKUSDT_1h,"{1: 0.5317460317460317, 0: 0.46825396825396826}",DESBALANCEO REAL VAL
MLPClassifier,LINKUSDT_1h,{1: 1.0},DESBALANCEO PREDICCIÓN VAL
MLPClassifier,LINKUSDT_1h,0.46782666692835084,F1 VALIDATION
MLPClassifier,LINKUSDT_1h,"{1: 0.5317460317460317, 0: 0.46825396825396826}",DESBALANCEO REAL VAL
MLPClassifier,LINKUSDT_1h,"{1: 0.6587301587301587, 0: 0.3412698412698413}",DESBALANCEO PREDICCIÓN VAL
MLPClassifier,LINKUSDT_1h,0.40867184892516306,F1 VALIDATION
MLPClassifier,LINKUSDT_1h,"{1: 0.5317460317460317, 0: 0.46825396825396826}",DESBALANCEO REAL VAL
MLPClassifier,LINKUSDT_1h,"{1: 0.7936507936507936, 0: 0.20634920634920634}",DESBALANCEO PREDICCIÓN VAL
MLPClassifier,LINKUSDT_1h,0.49375646661474626,F1 VALIDATION
MLPClassifier,LINKUSDT_1h,"{1: 0.5317460317460317, 0: 0.46825396825396826}",DESBALANCEO REAL VAL
MLPClassifier,LINKUSDT_1h,"{1: 0.5158730158730159, 0: 0.48412698412698413}",DESBALANCEO PREDICCIÓN VAL
MLPClassifier,LINKUSDT_1h,0.4893146296130929,F1 VALIDATION
MLPClassifier,LINKUSDT_1h,"{1: 0.5317460317460317, 0: 0.46825396825396826}",DESBALANCEO REAL VAL
MLPClassifier,LINKUSDT_1h,"{0: 0.5555555555555556, 1: 0.4444444444444444}",DESBALANCEO PREDICCIÓN VAL
MLPClassifier,LINKUSDT_1h,0.46734086149267373,F1 VALIDATION
MLPClassifier,LINKUSDT_1h,"{1: 0.5317460317460317, 0: 0.46825396825396826}",DESBALANCEO REAL VAL
MLPClassifier,LINKUSDT_1h,"{0: 0.6587301587301587, 1: 0.3412698412698413}",DESBALANCEO PREDICCIÓN VAL
MLPClassifier,LINKUSDT_1h,0.436363137255916,F1 VALIDATION
MLPClassifier,LINKUSDT_1h,"{1: 0.5317460317460317, 0: 0.46825396825396826}",DESBALANCEO REAL VAL
MLPClassifier,LINKUSDT_1h,"{0: 0.7857142857142857, 1: 0.21428571428571427}",DESBALANCEO PREDICCIÓN VAL
MLPClassifier,LINKUSDT_1h,0.43013645894143837,F1 VALIDATION
MLPClassifier,LINKUSDT_1h,"{1: 0.5317460317460317, 0: 0.46825396825396826}",DESBALANCEO REAL VAL
MLPClassifier,LINKUSDT_1h,"{0: 0.9206349206349206, 1: 0.07936507936507936}",DESBALANCEO PREDICCIÓN VAL
MLPClassifier,LINKUSDT_1h,0.4908650127676032,F1 VALIDATION
MLPClassifier,LINKUSDT_1h,"{1: 0.5317460317460317, 0: 0.46825396825396826}",DESBALANCEO REAL VAL
MLPClassifier,LINKUSDT_1h,"{0: 0.8412698412698413, 1: 0.15873015873015872}",DESBALANCEO PREDICCIÓN VAL
MLPClassifier,LINKUSDT_1h,0.483943588976463,F1 VALIDATION
MLPClassifier,LINKUSDT_1h,"{1: 0.5317460317460317, 0: 0.46825396825396826}",DESBALANCEO REAL VAL
MLPClassifier,LINKUSDT_1h,"{0: 0.5476190476190477, 1: 0.4523809523809524}",DESBALANCEO PREDICCIÓN VAL
MLPClassifier,LINKUSDT_1h,0.5121561465586121,FINAL TEST
MLPClassifier,LINKUSDT_1h,0.36413575885391947,F1 FINAL TEST
MLPClassifier,LINKUSDT_1h,"{0: 0.5116995776737815, 1: 0.48830042232621845}",DESBALANCEO REAL
MLPClassifier,LINKUSDT_1h,"{0: 0.9707795913708481, 1: 0.029220408629151925}",DESBALANCEO PREDICCIÓN
MLPClassifier,AVAXUSDT_1h,0.4485280724475893,F1 VALIDATION
MLPClassifier,AVAXUSDT_1h,"{0: 0.5079365079365079, 1: 0.49206349206349204}",DESBALANCEO REAL VAL
MLPClassifier,AVAXUSDT_1h,"{0: 0.6984126984126984, 1: 0.30158730158730157}",DESBALANCEO PREDICCIÓN VAL
MLPClassifier,AVAXUSDT_1h,0.3322178590594597,F1 VALIDATION
MLPClassifier,AVAXUSDT_1h,"{0: 0.5079365079365079, 1: 0.49206349206349204}",DESBALANCEO REAL VAL
MLPClassifier,AVAXUSDT_1h,{0: 1.0},DESBALANCEO PREDICCIÓN VAL
MLPClassifier,AVAXUSDT_1h,0.38571821421512376,F1 VALIDATION
MLPClassifier,AVAXUSDT_1h,"{0: 0.5079365079365079, 1: 0.49206349206349204}",DESBALANCEO REAL VAL
MLPClassifier,AVAXUSDT_1h,"{1: 0.9761904761904762, 0: 0.023809523809523808}",DESBALANCEO PREDICCIÓN VAL
MLPClassifier,AVAXUSDT_1h,0.40849534128060166,F1 VALIDATION
MLPClassifier,AVAXUSDT_1h,"{0: 0.5079365079365079, 1: 0.49206349206349204}",DESBALANCEO REAL VAL
MLPClassifier,AVAXUSDT_1h,"{0: 0.8571428571428571, 1: 0.14285714285714285}",DESBALANCEO PREDICCIÓN VAL
MLPClassifier,AVAXUSDT_1h,0.3322178590594597,F1 VALIDATION
MLPClassifier,AVAXUSDT_1h,"{0: 0.5079365079365079, 1: 0.49206349206349204}",DESBALANCEO REAL VAL
MLPClassifier,AVAXUSDT_1h,{0: 1.0},DESBALANCEO PREDICCIÓN VAL
MLPClassifier,AVAXUSDT_1h,0.3322178590594597,F1 VALIDATION
MLPClassifier,AVAXUSDT_1h,"{0: 0.5079365079365079, 1: 0.49206349206349204}",DESBALANCEO REAL VAL
MLPClassifier,AVAXUSDT_1h,{0: 1.0},DESBALANCEO PREDICCIÓN VAL
MLPClassifier,AVAXUSDT_1h,0.41260207004077776,F1 VALIDATION
MLPClassifier,AVAXUSDT_1h,"{0: 0.5079365079365079, 1: 0.49206349206349204}",DESBALANCEO REAL VAL
MLPClassifier,AVAXUSDT_1h,"{0: 0.6507936507936508, 1: 0.3492063492063492}",DESBALANCEO PREDICCIÓN VAL
MLPClassifier,AVAXUSDT_1h,0.50288889148181,F1 VALIDATION
MLPClassifier,AVAXUSDT_1h,"{0: 0.5079365079365079, 1: 0.49206349206349204}",DESBALANCEO REAL VAL
MLPClassifier,AVAXUSDT_1h,"{0: 0.7222222222222222, 1: 0.2777777777777778}",DESBALANCEO PREDICCIÓN VAL
MLPClassifier,AVAXUSDT_1h,0.4928774157408454,F1 VALIDATION
MLPClassifier,AVAXUSDT_1h,"{0: 0.5079365079365079, 1: 0.49206349206349204}",DESBALANCEO REAL VAL
MLPClassifier,AVAXUSDT_1h,"{0: 0.7063492063492064, 1: 0.29365079365079366}",DESBALANCEO PREDICCIÓN VAL
MLPClassifier,AVAXUSDT_1h,0.4182417326677685,F1 VALIDATION
MLPClassifier,AVAXUSDT_1h,"{0: 0.5079365079365079, 1: 0.49206349206349204}",DESBALANCEO REAL VAL
MLPClassifier,AVAXUSDT_1h,"{0: 0.8412698412698413, 1: 0.15873015873015872}",DESBALANCEO PREDICCIÓN VAL
MLPClassifier,AVAXUSDT_1h,0.48955598675950235,FINAL TEST
MLPClassifier,AVAXUSDT_1h,0.37809266388183577,F1 FINAL TEST
MLPClassifier,AVAXUSDT_1h,"{0: 0.5135258532131035, 1: 0.4864741467868965}",DESBALANCEO REAL
MLPClassifier,AVAXUSDT_1h,"{1: 0.9368793516721835, 0: 0.06312064832781646}",DESBALANCEO PREDICCIÓN
RandomForestClassifier,BTCUSDT_1h,0.52403939897524,F1 VALIDATION
RandomForestClassifier,BTCUSDT_1h,"{1: 0.5317460317460317, 0: 0.46825396825396826}",DESBALANCEO REAL VAL
RandomForestClassifier,BTCUSDT_1h,"{0: 0.5238095238095238, 1: 0.47619047619047616}",DESBALANCEO PREDICCIÓN VAL
RandomForestClassifier,BTCUSDT_1h,0.5326771947897763,F1 VALIDATION
RandomForestClassifier,BTCUSDT_1h,"{1: 0.5317460317460317, 0: 0.46825396825396826}",DESBALANCEO REAL VAL
RandomForestClassifier,BTCUSDT_1h,"{1: 0.5317460317460317, 0: 0.46825396825396826}",DESBALANCEO PREDICCIÓN VAL
RandomForestClassifier,BTCUSDT_1h,0.4856326674868289,F1 VALIDATION
RandomForestClassifier,BTCUSDT_1h,"{1: 0.5317460317460317, 0: 0.46825396825396826}",DESBALANCEO REAL VAL
RandomForestClassifier,BTCUSDT_1h,"{1: 0.6190476190476191, 0: 0.38095238095238093}",DESBALANCEO PREDICCIÓN VAL
RandomForestClassifier,BTCUSDT_1h,0.5546626103817619,F1 VALIDATION
RandomForestClassifier,BTCUSDT_1h,"{1: 0.5317460317460317, 0: 0.46825396825396826}",DESBALANCEO REAL VAL
RandomForestClassifier,BTCUSDT_1h,"{1: 0.5079365079365079, 0: 0.49206349206349204}",DESBALANCEO PREDICCIÓN VAL
RandomForestClassifier,BTCUSDT_1h,0.5463692452068235,F1 VALIDATION
RandomForestClassifier,BTCUSDT_1h,"{1: 0.5317460317460317, 0: 0.46825396825396826}",DESBALANCEO REAL VAL
RandomForestClassifier,BTCUSDT_1h,"{1: 0.5317460317460317, 0: 0.46825396825396826}",DESBALANCEO PREDICCIÓN VAL
RandomForestClassifier,BTCUSDT_1h,0.531034107454617,F1 VALIDATION
RandomForestClassifier,BTCUSDT_1h,"{1: 0.5317460317460317, 0: 0.46825396825396826}",DESBALANCEO REAL VAL
RandomForestClassifier,BTCUSDT_1h,"{0: 0.5079365079365079, 1: 0.49206349206349204}",DESBALANCEO PREDICCIÓN VAL
RandomForestClassifier,BTCUSDT_1h,0.5501960044657233,F1 VALIDATION
RandomForestClassifier,BTCUSDT_1h,"{1: 0.5317460317460317, 0: 0.46825396825396826}",DESBALANCEO REAL VAL
RandomForestClassifier,BTCUSDT_1h,"{1: 0.5238095238095238, 0: 0.47619047619047616}",DESBALANCEO PREDICCIÓN VAL
RandomForestClassifier,BTCUSDT_1h,0.5344064828093866,F1 VALIDATION
RandomForestClassifier,BTCUSDT_1h,"{1: 0.5317460317460317, 0: 0.46825396825396826}",DESBALANCEO REAL VAL
RandomForestClassifier,BTCUSDT_1h,"{1: 0.5793650793650794, 0: 0.42063492063492064}",DESBALANCEO PREDICCIÓN VAL
RandomForestClassifier,BTCUSDT_1h,0.5126731257589329,F1 VALIDATION
RandomForestClassifier,BTCUSDT_1h,"{1: 0.5317460317460317, 0: 0.46825396825396826}",DESBALANCEO REAL VAL
RandomForestClassifier,BTCUSDT_1h,"{0: 0.5555555555555556, 1: 0.4444444444444444}",DESBALANCEO PREDICCIÓN VAL
RandomForestClassifier,BTCUSDT_1h,0.5159929901632383,F1 VALIDATION
RandomForestClassifier,BTCUSDT_1h,"{1: 0.5317460317460317, 0: 0.46825396825396826}",DESBALANCEO REAL VAL
RandomForestClassifier,BTCUSDT_1h,"{0: 0.5714285714285714, 1: 0.42857142857142855}",DESBALANCEO PREDICCIÓN VAL
RandomForestClassifier,BTCUSDT_1h,0.5178632576189932,FINAL TEST
RandomForestClassifier,BTCUSDT_1h,0.5176143758133948,F1 FINAL TEST
RandomForestClassifier,BTCUSDT_1h,"{1: 0.5111288665677434, 0: 0.4888711334322566}",DESBALANCEO REAL
RandomForestClassifier,BTCUSDT_1h,"{0: 0.5338431685880607, 1: 0.46615683141193925}",DESBALANCEO PREDICCIÓN
RandomForestClassifier,ETHUSDT_1h,0.5247890307394711,F1 VALIDATION
RandomForestClassifier,ETHUSDT_1h,"{1: 0.5317460317460317, 0: 0.46825396825396826}",DESBALANCEO REAL VAL
RandomForestClassifier,ETHUSDT_1h,"{1: 0.5793650793650794, 0: 0.42063492063492064}",DESBALANCEO PREDICCIÓN VAL
RandomForestClassifier,ETHUSDT_1h,0.5138232523850931,F1 VALIDATION
RandomForestClassifier,ETHUSDT_1h,"{1: 0.5317460317460317, 0: 0.46825396825396826}",DESBALANCEO REAL VAL
RandomForestClassifier,ETHUSDT_1h,"{1: 0.6190476190476191, 0: 0.38095238095238093}",DESBALANCEO PREDICCIÓN VAL
RandomForestClassifier,ETHUSDT_1h,0.5021528390713169,F1 VALIDATION
RandomForestClassifier,ETHUSDT_1h,"{1: 0.5317460317460317, 0: 0.46825396825396826}",DESBALANCEO REAL VAL
RandomForestClassifier,ETHUSDT_1h,"{1: 0.5476190476190477, 0: 0.4523809523809524}",DESBALANCEO PREDICCIÓN VAL
RandomForestClassifier,ETHUSDT_1h,0.509634143382043,F1 VALIDATION
RandomForestClassifier,ETHUSDT_1h,"{1: 0.5317460317460317, 0: 0.46825396825396826}",DESBALANCEO REAL VAL
RandomForestClassifier,ETHUSDT_1h,"{0: 0.5952380952380952, 1: 0.40476190476190477}",DESBALANCEO PREDICCIÓN VAL
RandomForestClassifier,ETHUSDT_1h,0.4920882023497075,F1 VALIDATION
RandomForestClassifier,ETHUSDT_1h,"{1: 0.5317460317460317, 0: 0.46825396825396826}",DESBALANCEO REAL VAL
RandomForestClassifier,ETHUSDT_1h,"{1: 0.5396825396825397, 0: 0.4603174603174603}",DESBALANCEO PREDICCIÓN VAL
RandomForestClassifier,ETHUSDT_1h,0.5173432327057463,F1 VALIDATION
RandomForestClassifier,ETHUSDT_1h,"{1: 0.5317460317460317, 0: 0.46825396825396826}",DESBALANCEO REAL VAL
RandomForestClassifier,ETHUSDT_1h,"{0: 0.5873015873015873, 1: 0.4126984126984127}",DESBALANCEO PREDICCIÓN VAL
RandomForestClassifier,ETHUSDT_1h,0.5127457513936081,F1 VALIDATION
RandomForestClassifier,ETHUSDT_1h,"{1: 0.5317460317460317, 0: 0.46825396825396826}",DESBALANCEO REAL VAL
RandomForestClassifier,ETHUSDT_1h,"{0: 0.5238095238095238, 1: 0.47619047619047616}",DESBALANCEO PREDICCIÓN VAL
RandomForestClassifier,ETHUSDT_1h,0.5122489786395171,F1 VALIDATION
RandomForestClassifier,ETHUSDT_1h,"{1: 0.5317460317460317, 0: 0.46825396825396826}",DESBALANCEO REAL VAL
RandomForestClassifier,ETHUSDT_1h,"{1: 0.5238095238095238, 0: 0.47619047619047616}",DESBALANCEO PREDICCIÓN VAL
RandomForestClassifier,ETHUSDT_1h,0.5022226845328017,F1 VALIDATION
RandomForestClassifier,ETHUSDT_1h,"{1: 0.5317460317460317, 0: 0.46825396825396826}",DESBALANCEO REAL VAL
RandomForestClassifier,ETHUSDT_1h,"{1: 0.5952380952380952, 0: 0.40476190476190477}",DESBALANCEO PREDICCIÓN VAL
RandomForestClassifier,ETHUSDT_1h,0.5076149288310117,F1 VALIDATION
RandomForestClassifier,ETHUSDT_1h,"{1: 0.5317460317460317, 0: 0.46825396825396826}",DESBALANCEO REAL VAL
RandomForestClassifier,ETHUSDT_1h,"{1: 0.5714285714285714, 0: 0.42857142857142855}",DESBALANCEO PREDICCIÓN VAL
RandomForestClassifier,ETHUSDT_1h,0.5102157287980824,FINAL TEST
RandomForestClassifier,ETHUSDT_1h,0.5101911985125668,F1 FINAL TEST
RandomForestClassifier,ETHUSDT_1h,"{1: 0.5079328843739299, 0: 0.4920671156260701}",DESBALANCEO REAL
RandomForestClassifier,ETHUSDT_1h,"{0: 0.5150097020888027, 1: 0.48499029791119735}",DESBALANCEO PREDICCIÓN
RandomForestClassifier,XRPUSDT_1h,0.5350880779722924,F1 VALIDATION
RandomForestClassifier,XRPUSDT_1h,"{1: 0.5476190476190477, 0: 0.4523809523809524}",DESBALANCEO REAL VAL
RandomForestClassifier,XRPUSDT_1h,"{1: 0.5396825396825397, 0: 0.4603174603174603}",DESBALANCEO PREDICCIÓN VAL
RandomForestClassifier,XRPUSDT_1h,0.5164646016809963,F1 VALIDATION
RandomForestClassifier,XRPUSDT_1h,"{1: 0.5476190476190477, 0: 0.4523809523809524}",DESBALANCEO REAL VAL
RandomForestClassifier,XRPUSDT_1h,"{1: 0.5238095238095238, 0: 0.47619047619047616}",DESBALANCEO PREDICCIÓN VAL
RandomForestClassifier,XRPUSDT_1h,0.5488160359426051,F1 VALIDATION
RandomForestClassifier,XRPUSDT_1h,"{1: 0.5476190476190477, 0: 0.4523809523809524}",DESBALANCEO REAL VAL
RandomForestClassifier,XRPUSDT_1h,"{1: 0.5714285714285714, 0: 0.42857142857142855}",DESBALANCEO PREDICCIÓN VAL
RandomForestClassifier,XRPUSDT_1h,0.5294346261590881,F1 VALIDATION
RandomForestClassifier,XRPUSDT_1h,"{1: 0.5476190476190477, 0: 0.4523809523809524}",DESBALANCEO REAL VAL
RandomForestClassifier,XRPUSDT_1h,"{1: 0.5476190476190477, 0: 0.4523809523809524}",DESBALANCEO PREDICCIÓN VAL
RandomForestClassifier,XRPUSDT_1h,0.540222071095647,F1 VALIDATION
RandomForestClassifier,XRPUSDT_1h,"{1: 0.5476190476190477, 0: 0.4523809523809524}",DESBALANCEO REAL VAL
RandomForestClassifier,XRPUSDT_1h,"{1: 0.5793650793650794, 0: 0.42063492063492064}",DESBALANCEO PREDICCIÓN VAL
RandomForestClassifier,XRPUSDT_1h,0.5229857213559633,F1 VALIDATION
RandomForestClassifier,XRPUSDT_1h,"{1: 0.5476190476190477, 0: 0.4523809523809524}",DESBALANCEO REAL VAL
RandomForestClassifier,XRPUSDT_1h,"{1: 0.5873015873015873, 0: 0.4126984126984127}",DESBALANCEO PREDICCIÓN VAL
RandomForestClassifier,XRPUSDT_1h,0.5177097989491742,F1 VALIDATION
RandomForestClassifier,XRPUSDT_1h,"{1: 0.5476190476190477, 0: 0.4523809523809524}",DESBALANCEO REAL VAL
RandomForestClassifier,XRPUSDT_1h,"{1: 0.5317460317460317, 0: 0.46825396825396826}",DESBALANCEO PREDICCIÓN VAL
RandomForestClassifier,XRPUSDT_1h,0.5295135631302421,F1 VALIDATION
RandomForestClassifier,XRPUSDT_1h,"{1: 0.5476190476190477, 0: 0.4523809523809524}",DESBALANCEO REAL VAL
RandomForestClassifier,XRPUSDT_1h,"{1: 0.5158730158730159, 0: 0.48412698412698413}",DESBALANCEO PREDICCIÓN VAL
RandomForestClassifier,XRPUSDT_1h,0.5122461948221593,F1 VALIDATION
RandomForestClassifier,XRPUSDT_1h,"{1: 0.5476190476190477, 0: 0.4523809523809524}",DESBALANCEO REAL VAL
RandomForestClassifier,XRPUSDT_1h,"{1: 0.5079365079365079, 0: 0.49206349206349204}",DESBALANCEO PREDICCIÓN VAL
RandomForestClassifier,XRPUSDT_1h,0.5175834185208913,F1 VALIDATION
RandomForestClassifier,XRPUSDT_1h,"{1: 0.5476190476190477, 0: 0.4523809523809524}",DESBALANCEO REAL VAL
RandomForestClassifier,XRPUSDT_1h,"{0: 0.5793650793650794, 1: 0.42063492063492064}",DESBALANCEO PREDICCIÓN VAL
RandomForestClassifier,XRPUSDT_1h,0.5325876041547769,FINAL TEST
RandomForestClassifier,XRPUSDT_1h,0.5324073782631198,F1 FINAL TEST
RandomForestClassifier,XRPUSDT_1h,"{1: 0.502454057755964, 0: 0.4975459422440361}",DESBALANCEO REAL
RandomForestClassifier,XRPUSDT_1h,"{0: 0.5220865198036754, 1: 0.4779134801963246}",DESBALANCEO PREDICCIÓN
RandomForestClassifier,BNBUSDT_1h,0.5327029814810385,F1 VALIDATION
RandomForestClassifier,BNBUSDT_1h,"{1: 0.5158730158730159, 0: 0.48412698412698413}",DESBALANCEO REAL VAL
RandomForestClassifier,BNBUSDT_1h,"{1: 0.6031746031746031, 0: 0.3968253968253968}",DESBALANCEO PREDICCIÓN VAL
RandomForestClassifier,BNBUSDT_1h,0.5360413019137285,F1 VALIDATION
RandomForestClassifier,BNBUSDT_1h,"{1: 0.5158730158730159, 0: 0.48412698412698413}",DESBALANCEO REAL VAL
RandomForestClassifier,BNBUSDT_1h,"{1: 0.6428571428571429, 0: 0.35714285714285715}",DESBALANCEO PREDICCIÓN VAL
RandomForestClassifier,BNBUSDT_1h,0.5218025918922186,F1 VALIDATION
RandomForestClassifier,BNBUSDT_1h,"{1: 0.5158730158730159, 0: 0.48412698412698413}",DESBALANCEO REAL VAL
RandomForestClassifier,BNBUSDT_1h,"{1: 0.7063492063492064, 0: 0.29365079365079366}",DESBALANCEO PREDICCIÓN VAL
RandomForestClassifier,BNBUSDT_1h,0.5341157960324792,F1 VALIDATION
RandomForestClassifier,BNBUSDT_1h,"{1: 0.5158730158730159, 0: 0.48412698412698413}",DESBALANCEO REAL VAL
RandomForestClassifier,BNBUSDT_1h,"{1: 0.7063492063492064, 0: 0.29365079365079366}",DESBALANCEO PREDICCIÓN VAL
RandomForestClassifier,BNBUSDT_1h,0.5434127619675928,F1 VALIDATION
RandomForestClassifier,BNBUSDT_1h,"{1: 0.5158730158730159, 0: 0.48412698412698413}",DESBALANCEO REAL VAL
RandomForestClassifier,BNBUSDT_1h,"{1: 0.6746031746031746, 0: 0.3253968253968254}",DESBALANCEO PREDICCIÓN VAL
RandomForestClassifier,BNBUSDT_1h,0.5196682839635269,F1 VALIDATION
RandomForestClassifier,BNBUSDT_1h,"{1: 0.5158730158730159, 0: 0.48412698412698413}",DESBALANCEO REAL VAL
RandomForestClassifier,BNBUSDT_1h,"{1: 0.6111111111111112, 0: 0.3888888888888889}",DESBALANCEO PREDICCIÓN VAL
RandomForestClassifier,BNBUSDT_1h,0.5145212438715239,F1 VALIDATION
RandomForestClassifier,BNBUSDT_1h,"{1: 0.5158730158730159, 0: 0.48412698412698413}",DESBALANCEO REAL VAL
RandomForestClassifier,BNBUSDT_1h,"{1: 0.746031746031746, 0: 0.25396825396825395}",DESBALANCEO PREDICCIÓN VAL
RandomForestClassifier,BNBUSDT_1h,0.5261104679622612,F1 VALIDATION
RandomForestClassifier,BNBUSDT_1h,"{1: 0.5158730158730159, 0: 0.48412698412698413}",DESBALANCEO REAL VAL
RandomForestClassifier,BNBUSDT_1h,"{1: 0.6984126984126984, 0: 0.30158730158730157}",DESBALANCEO PREDICCIÓN VAL
RandomForestClassifier,BNBUSDT_1h,0.5111651033844256,F1 VALIDATION
RandomForestClassifier,BNBUSDT_1h,"{1: 0.5158730158730159, 0: 0.48412698412698413}",DESBALANCEO REAL VAL
RandomForestClassifier,BNBUSDT_1h,"{1: 0.5952380952380952, 0: 0.40476190476190477}",DESBALANCEO PREDICCIÓN VAL
RandomForestClassifier,BNBUSDT_1h,0.5234927681736063,F1 VALIDATION
RandomForestClassifier,BNBUSDT_1h,"{1: 0.5158730158730159, 0: 0.48412698412698413}",DESBALANCEO REAL VAL
RandomForestClassifier,BNBUSDT_1h,"{1: 0.626984126984127, 0: 0.373015873015873}",DESBALANCEO PREDICCIÓN VAL
RandomForestClassifier,BNBUSDT_1h,0.5143248487615569,FINAL TEST
RandomForestClassifier,BNBUSDT_1h,0.5143050046197502,F1 FINAL TEST
RandomForestClassifier,BNBUSDT_1h,"{1: 0.5145531332039721, 0: 0.48544686679602783}",DESBALANCEO REAL
RandomForestClassifier,BNBUSDT_1h,"{0: 0.5209450975915991, 1: 0.4790549024084009}",DESBALANCEO PREDICCIÓN
RandomForestClassifier,SOLUSDT_1h,0.5168520692051095,F1 VALIDATION
RandomForestClassifier,SOLUSDT_1h,"{1: 0.5476190476190477, 0: 0.4523809523809524}",DESBALANCEO REAL VAL
RandomForestClassifier,SOLUSDT_1h,"{0: 0.6349206349206349, 1: 0.36507936507936506}",DESBALANCEO PREDICCIÓN VAL
RandomForestClassifier,SOLUSDT_1h,0.4970611680315993,F1 VALIDATION
RandomForestClassifier,SOLUSDT_1h,"{1: 0.5476190476190477, 0: 0.4523809523809524}",DESBALANCEO REAL VAL
RandomForestClassifier,SOLUSDT_1h,"{0: 0.6031746031746031, 1: 0.3968253968253968}",DESBALANCEO PREDICCIÓN VAL
RandomForestClassifier,SOLUSDT_1h,0.49931271128218774,F1 VALIDATION
RandomForestClassifier,SOLUSDT_1h,"{1: 0.5476190476190477, 0: 0.4523809523809524}",DESBALANCEO REAL VAL
RandomForestClassifier,SOLUSDT_1h,"{0: 0.6190476190476191, 1: 0.38095238095238093}",DESBALANCEO PREDICCIÓN VAL
RandomForestClassifier,SOLUSDT_1h,0.510502101215587,F1 VALIDATION
RandomForestClassifier,SOLUSDT_1h,"{1: 0.5476190476190477, 0: 0.4523809523809524}",DESBALANCEO REAL VAL
RandomForestClassifier,SOLUSDT_1h,"{0: 0.5476190476190477, 1: 0.4523809523809524}",DESBALANCEO PREDICCIÓN VAL
RandomForestClassifier,SOLUSDT_1h,0.49489494548798796,F1 VALIDATION
RandomForestClassifier,SOLUSDT_1h,"{1: 0.5476190476190477, 0: 0.4523809523809524}",DESBALANCEO REAL VAL
RandomForestClassifier,SOLUSDT_1h,"{0: 0.6111111111111112, 1: 0.3888888888888889}",DESBALANCEO PREDICCIÓN VAL
RandomForestClassifier,SOLUSDT_1h,0.5059840555141539,F1 VALIDATION
RandomForestClassifier,SOLUSDT_1h,"{1: 0.5476190476190477, 0: 0.4523809523809524}",DESBALANCEO REAL VAL
RandomForestClassifier,SOLUSDT_1h,"{0: 0.6190476190476191, 1: 0.38095238095238093}",DESBALANCEO PREDICCIÓN VAL
RandomForestClassifier,SOLUSDT_1h,0.5114879855361656,F1 VALIDATION
RandomForestClassifier,SOLUSDT_1h,"{1: 0.5476190476190477, 0: 0.4523809523809524}",DESBALANCEO REAL VAL
RandomForestClassifier,SOLUSDT_1h,"{0: 0.6031746031746031, 1: 0.3968253968253968}",DESBALANCEO PREDICCIÓN VAL
RandomForestClassifier,SOLUSDT_1h,0.5049373818509242,F1 VALIDATION
RandomForestClassifier,SOLUSDT_1h,"{1: 0.5476190476190477, 0: 0.4523809523809524}",DESBALANCEO REAL VAL
RandomForestClassifier,SOLUSDT_1h,"{0: 0.5555555555555556, 1: 0.4444444444444444}",DESBALANCEO PREDICCIÓN VAL
RandomForestClassifier,SOLUSDT_1h,0.518547308776078,F1 VALIDATION
RandomForestClassifier,SOLUSDT_1h,"{1: 0.5476190476190477, 0: 0.4523809523809524}",DESBALANCEO REAL VAL
RandomForestClassifier,SOLUSDT_1h,"{0: 0.6349206349206349, 1: 0.36507936507936506}",DESBALANCEO PREDICCIÓN VAL
RandomForestClassifier,SOLUSDT_1h,0.5006388866444934,F1 VALIDATION
RandomForestClassifier,SOLUSDT_1h,"{1: 0.5476190476190477, 0: 0.4523809523809524}",DESBALANCEO REAL VAL
RandomForestClassifier,SOLUSDT_1h,"{0: 0.6031746031746031, 1: 0.3968253968253968}",DESBALANCEO PREDICCIÓN VAL
RandomForestClassifier,SOLUSDT_1h,0.5179773998402009,FINAL TEST
RandomForestClassifier,SOLUSDT_1h,0.5134620200982907,F1 FINAL TEST
RandomForestClassifier,SOLUSDT_1h,"{1: 0.5053076132861546, 0: 0.49469238671384547}",DESBALANCEO REAL
RandomForestClassifier,SOLUSDT_1h,"{0: 0.6016436479853898, 1: 0.3983563520146102}",DESBALANCEO PREDICCIÓN
RandomForestClassifier,ADAUSDT_1h,0.5176140195280188,F1 VALIDATION
RandomForestClassifier,ADAUSDT_1h,"{1: 0.5238095238095238, 0: 0.47619047619047616}",DESBALANCEO REAL VAL
RandomForestClassifier,ADAUSDT_1h,"{0: 0.6507936507936508, 1: 0.3492063492063492}",DESBALANCEO PREDICCIÓN VAL
RandomForestClassifier,ADAUSDT_1h,0.5328827009634552,F1 VALIDATION
RandomForestClassifier,ADAUSDT_1h,"{1: 0.5238095238095238, 0: 0.47619047619047616}",DESBALANCEO REAL VAL
RandomForestClassifier,ADAUSDT_1h,"{0: 0.6666666666666666, 1: 0.3333333333333333}",DESBALANCEO PREDICCIÓN VAL
RandomForestClassifier,ADAUSDT_1h,0.5108857884660436,F1 VALIDATION
RandomForestClassifier,ADAUSDT_1h,"{1: 0.5238095238095238, 0: 0.47619047619047616}",DESBALANCEO REAL VAL
RandomForestClassifier,ADAUSDT_1h,"{0: 0.6746031746031746, 1: 0.3253968253968254}",DESBALANCEO PREDICCIÓN VAL
RandomForestClassifier,ADAUSDT_1h,0.48353405481624456,F1 VALIDATION
RandomForestClassifier,ADAUSDT_1h,"{1: 0.5238095238095238, 0: 0.47619047619047616}",DESBALANCEO REAL VAL
RandomForestClassifier,ADAUSDT_1h,"{0: 0.7222222222222222, 1: 0.2777777777777778}",DESBALANCEO PREDICCIÓN VAL
RandomForestClassifier,ADAUSDT_1h,0.5307993510635207,F1 VALIDATION
RandomForestClassifier,ADAUSDT_1h,"{1: 0.5238095238095238, 0: 0.47619047619047616}",DESBALANCEO REAL VAL
RandomForestClassifier,ADAUSDT_1h,"{0: 0.7063492063492064, 1: 0.29365079365079366}",DESBALANCEO PREDICCIÓN VAL
RandomForestClassifier,ADAUSDT_1h,0.5148256008979201,F1 VALIDATION
RandomForestClassifier,ADAUSDT_1h,"{1: 0.5238095238095238, 0: 0.47619047619047616}",DESBALANCEO REAL VAL
RandomForestClassifier,ADAUSDT_1h,"{0: 0.6031746031746031, 1: 0.3968253968253968}",DESBALANCEO PREDICCIÓN VAL
RandomForestClassifier,ADAUSDT_1h,0.5074195029198565,F1 VALIDATION
RandomForestClassifier,ADAUSDT_1h,"{1: 0.5238095238095238, 0: 0.47619047619047616}",DESBALANCEO REAL VAL
RandomForestClassifier,ADAUSDT_1h,"{0: 0.7142857142857143, 1: 0.2857142857142857}",DESBALANCEO PREDICCIÓN VAL
RandomForestClassifier,ADAUSDT_1h,0.510583131946429,F1 VALIDATION
RandomForestClassifier,ADAUSDT_1h,"{1: 0.5238095238095238, 0: 0.47619047619047616}",DESBALANCEO REAL VAL
RandomForestClassifier,ADAUSDT_1h,"{0: 0.6825396825396826, 1: 0.31746031746031744}",DESBALANCEO PREDICCIÓN VAL
RandomForestClassifier,ADAUSDT_1h,0.5205652164439046,F1 VALIDATION
RandomForestClassifier,ADAUSDT_1h,"{1: 0.5238095238095238, 0: 0.47619047619047616}",DESBALANCEO REAL VAL
RandomForestClassifier,ADAUSDT_1h,"{0: 0.6587301587301587, 1: 0.3412698412698413}",DESBALANCEO PREDICCIÓN VAL
RandomForestClassifier,ADAUSDT_1h,0.507118512867946,F1 VALIDATION
RandomForestClassifier,ADAUSDT_1h,"{1: 0.5238095238095238, 0: 0.47619047619047616}",DESBALANCEO REAL VAL
RandomForestClassifier,ADAUSDT_1h,"{0: 0.7142857142857143, 1: 0.2857142857142857}",DESBALANCEO PREDICCIÓN VAL
RandomForestClassifier,ADAUSDT_1h,0.5081611688163452,FINAL TEST
RandomForestClassifier,ADAUSDT_1h,0.5078620201825184,F1 FINAL TEST
RandomForestClassifier,ADAUSDT_1h,"{0: 0.5064490354982308, 1: 0.4935509645017692}",DESBALANCEO REAL
RandomForestClassifier,ADAUSDT_1h,"{0: 0.5182056842826162, 1: 0.48179431571738385}",DESBALANCEO PREDICCIÓN
RandomForestClassifier,TRXUSDT_1h,0.49088721024774423,F1 VALIDATION
RandomForestClassifier,TRXUSDT_1h,"{1: 0.5952380952380952, 0: 0.40476190476190477}",DESBALANCEO REAL VAL
RandomForestClassifier,TRXUSDT_1h,"{0: 0.6587301587301587, 1: 0.3412698412698413}",DESBALANCEO PREDICCIÓN VAL
RandomForestClassifier,TRXUSDT_1h,0.5002401628693324,F1 VALIDATION
RandomForestClassifier,TRXUSDT_1h,"{1: 0.5952380952380952, 0: 0.40476190476190477}",DESBALANCEO REAL VAL
RandomForestClassifier,TRXUSDT_1h,"{0: 0.5793650793650794, 1: 0.42063492063492064}",DESBALANCEO PREDICCIÓN VAL
RandomForestClassifier,TRXUSDT_1h,0.5006421609606452,F1 VALIDATION
RandomForestClassifier,TRXUSDT_1h,"{1: 0.5952380952380952, 0: 0.40476190476190477}",DESBALANCEO REAL VAL
RandomForestClassifier,TRXUSDT_1h,"{0: 0.7142857142857143, 1: 0.2857142857142857}",DESBALANCEO PREDICCIÓN VAL
RandomForestClassifier,TRXUSDT_1h,0.4936108873963114,F1 VALIDATION
RandomForestClassifier,TRXUSDT_1h,"{1: 0.5952380952380952, 0: 0.40476190476190477}",DESBALANCEO REAL VAL
RandomForestClassifier,TRXUSDT_1h,"{0: 0.6587301587301587, 1: 0.3412698412698413}",DESBALANCEO PREDICCIÓN VAL
RandomForestClassifier,TRXUSDT_1h,0.49617269887276566,F1 VALIDATION
RandomForestClassifier,TRXUSDT_1h,"{1: 0.5952380952380952, 0: 0.40476190476190477}",DESBALANCEO REAL VAL
RandomForestClassifier,TRXUSDT_1h,"{0: 0.6984126984126984, 1: 0.30158730158730157}",DESBALANCEO PREDICCIÓN VAL
RandomForestClassifier,TRXUSDT_1h,0.49940561533869793,F1 VALIDATION
RandomForestClassifier,TRXUSDT_1h,"{1: 0.5952380952380952, 0: 0.40476190476190477}",DESBALANCEO REAL VAL
RandomForestClassifier,TRXUSDT_1h,"{0: 0.6507936507936508, 1: 0.3492063492063492}",DESBALANCEO PREDICCIÓN VAL
RandomForestClassifier,TRXUSDT_1h,0.49874388747119436,F1 VALIDATION
RandomForestClassifier,TRXUSDT_1h,"{1: 0.5952380952380952, 0: 0.40476190476190477}",DESBALANCEO REAL VAL
RandomForestClassifier,TRXUSDT_1h,"{0: 0.6111111111111112, 1: 0.3888888888888889}",DESBALANCEO PREDICCIÓN VAL
RandomForestClassifier,TRXUSDT_1h,0.5064917243427652,F1 VALIDATION
RandomForestClassifier,TRXUSDT_1h,"{1: 0.5952380952380952, 0: 0.40476190476190477}",DESBALANCEO REAL VAL
RandomForestClassifier,TRXUSDT_1h,"{0: 0.6746031746031746, 1: 0.3253968253968254}",DESBALANCEO PREDICCIÓN VAL
RandomForestClassifier,TRXUSDT_1h,0.4890246383549227,F1 VALIDATION
RandomForestClassifier,TRXUSDT_1h,"{1: 0.5952380952380952, 0: 0.40476190476190477}",DESBALANCEO REAL VAL
RandomForestClassifier,TRXUSDT_1h,"{0: 0.5873015873015873, 1: 0.4126984126984127}",DESBALANCEO PREDICCIÓN VAL
RandomForestClassifier,TRXUSDT_1h,0.4935173721436839,F1 VALIDATION
RandomForestClassifier,TRXUSDT_1h,"{1: 0.5952380952380952, 0: 0.40476190476190477}",DESBALANCEO REAL VAL
RandomForestClassifier,TRXUSDT_1h,"{0: 0.6746031746031746, 1: 0.3253968253968254}",DESBALANCEO PREDICCIÓN VAL
RandomForestClassifier,TRXUSDT_1h,0.48407716014153634,FINAL TEST
RandomForestClassifier,TRXUSDT_1h,0.4827306039847372,F1 FINAL TEST
RandomForestClassifier,TRXUSDT_1h,"{1: 0.5171784042917476, 0: 0.4828215957082525}",DESBALANCEO REAL
RandomForestClassifier,TRXUSDT_1h,"{0: 0.5681999771715558, 1: 0.43180002282844426}",DESBALANCEO PREDICCIÓN
RandomForestClassifier,LINKUSDT_1h,0.5203675465605341,F1 VALIDATION
RandomForestClassifier,LINKUSDT_1h,"{1: 0.5317460317460317, 0: 0.46825396825396826}",DESBALANCEO REAL VAL
RandomForestClassifier,LINKUSDT_1h,"{0: 0.5555555555555556, 1: 0.4444444444444444}",DESBALANCEO PREDICCIÓN VAL
RandomForestClassifier,LINKUSDT_1h,0.5256806019859531,F1 VALIDATION
RandomForestClassifier,LINKUSDT_1h,"{1: 0.5317460317460317, 0: 0.46825396825396826}",DESBALANCEO REAL VAL
RandomForestClassifier,LINKUSDT_1h,"{0: 0.6031746031746031, 1: 0.3968253968253968}",DESBALANCEO PREDICCIÓN VAL
RandomForestClassifier,LINKUSDT_1h,0.506857289869851,F1 VALIDATION
RandomForestClassifier,LINKUSDT_1h,"{1: 0.5317460317460317, 0: 0.46825396825396826}",DESBALANCEO REAL VAL
RandomForestClassifier,LINKUSDT_1h,"{0: 0.5873015873015873, 1: 0.4126984126984127}",DESBALANCEO PREDICCIÓN VAL
RandomForestClassifier,LINKUSDT_1h,0.49024684219739,F1 VALIDATION
RandomForestClassifier,LINKUSDT_1h,"{1: 0.5317460317460317, 0: 0.46825396825396826}",DESBALANCEO REAL VAL
RandomForestClassifier,LINKUSDT_1h,"{0: 0.7063492063492064, 1: 0.29365079365079366}",DESBALANCEO PREDICCIÓN VAL
RandomForestClassifier,LINKUSDT_1h,0.5057416728746655,F1 VALIDATION
RandomForestClassifier,LINKUSDT_1h,"{1: 0.5317460317460317, 0: 0.46825396825396826}",DESBALANCEO REAL VAL
RandomForestClassifier,LINKUSDT_1h,"{0: 0.6111111111111112, 1: 0.3888888888888889}",DESBALANCEO PREDICCIÓN VAL
RandomForestClassifier,LINKUSDT_1h,0.4866885501696025,F1 VALIDATION
RandomForestClassifier,LINKUSDT_1h,"{1: 0.5317460317460317, 0: 0.46825396825396826}",DESBALANCEO REAL VAL
RandomForestClassifier,LINKUSDT_1h,"{0: 0.7142857142857143, 1: 0.2857142857142857}",DESBALANCEO PREDICCIÓN VAL
RandomForestClassifier,LINKUSDT_1h,0.518087728858325,F1 VALIDATION
RandomForestClassifier,LINKUSDT_1h,"{1: 0.5317460317460317, 0: 0.46825396825396826}",DESBALANCEO REAL VAL
RandomForestClassifier,LINKUSDT_1h,"{0: 0.5714285714285714, 1: 0.42857142857142855}",DESBALANCEO PREDICCIÓN VAL
RandomForestClassifier,LINKUSDT_1h,0.5189586095092497,F1 VALIDATION
RandomForestClassifier,LINKUSDT_1h,"{1: 0.5317460317460317, 0: 0.46825396825396826}",DESBALANCEO REAL VAL
RandomForestClassifier,LINKUSDT_1h,"{0: 0.5634920634920635, 1: 0.4365079365079365}",DESBALANCEO PREDICCIÓN VAL
RandomForestClassifier,LINKUSDT_1h,0.5112012273930685,F1 VALIDATION
RandomForestClassifier,LINKUSDT_1h,"{1: 0.5317460317460317, 0: 0.46825396825396826}",DESBALANCEO REAL VAL
RandomForestClassifier,LINKUSDT_1h,"{0: 0.6031746031746031, 1: 0.3968253968253968}",DESBALANCEO PREDICCIÓN VAL
RandomForestClassifier,LINKUSDT_1h,0.5225271702459409,F1 VALIDATION
RandomForestClassifier,LINKUSDT_1h,"{1: 0.5317460317460317, 0: 0.46825396825396826}",DESBALANCEO REAL VAL
RandomForestClassifier,LINKUSDT_1h,"{0: 0.6031746031746031, 1: 0.3968253968253968}",DESBALANCEO PREDICCIÓN VAL
RandomForestClassifier,LINKUSDT_1h,0.5057641821709851,FINAL TEST
RandomForestClassifier,LINKUSDT_1h,0.5054718727287764,F1 FINAL TEST
RandomForestClassifier,LINKUSDT_1h,"{0: 0.5116995776737815, 1: 0.48830042232621845}",DESBALANCEO REAL
RandomForestClassifier,LINKUSDT_1h,"{0: 0.5126127154434426, 1: 0.48738728455655744}",DESBALANCEO PREDICCIÓN
RandomForestClassifier,AVAXUSDT_1h,0.5407661814979334,F1 VALIDATION
RandomForestClassifier,AVAXUSDT_1h,"{0: 0.5079365079365079, 1: 0.49206349206349204}",DESBALANCEO REAL VAL
RandomForestClassifier,AVAXUSDT_1h,"{0: 0.6031746031746031, 1: 0.3968253968253968}",DESBALANCEO PREDICCIÓN VAL
RandomForestClassifier,AVAXUSDT_1h,0.5370791876226833,F1 VALIDATION
RandomForestClassifier,AVAXUSDT_1h,"{0: 0.5079365079365079, 1: 0.49206349206349204}",DESBALANCEO REAL VAL
RandomForestClassifier,AVAXUSDT_1h,"{0: 0.6031746031746031, 1: 0.3968253968253968}",DESBALANCEO PREDICCIÓN VAL
RandomForestClassifier,AVAXUSDT_1h,0.5260417950152634,F1 VALIDATION
RandomForestClassifier,AVAXUSDT_1h,"{0: 0.5079365079365079, 1: 0.49206349206349204}",DESBALANCEO REAL VAL
RandomForestClassifier,AVAXUSDT_1h,"{0: 0.5793650793650794, 1: 0.42063492063492064}",DESBALANCEO PREDICCIÓN VAL
RandomForestClassifier,AVAXUSDT_1h,0.5276557514167832,F1 VALIDATION
RandomForestClassifier,AVAXUSDT_1h,"{0: 0.5079365079365079, 1: 0.49206349206349204}",DESBALANCEO REAL VAL
RandomForestClassifier,AVAXUSDT_1h,"{0: 0.5714285714285714, 1: 0.42857142857142855}",DESBALANCEO PREDICCIÓN VAL
RandomForestClassifier,AVAXUSDT_1h,0.5320332678211999,F1 VALIDATION
RandomForestClassifier,AVAXUSDT_1h,"{0: 0.5079365079365079, 1: 0.49206349206349204}",DESBALANCEO REAL VAL
RandomForestClassifier,AVAXUSDT_1h,"{0: 0.6111111111111112, 1: 0.3888888888888889}",DESBALANCEO PREDICCIÓN VAL
RandomForestClassifier,AVAXUSDT_1h,0.5180602473102429,F1 VALIDATION
RandomForestClassifier,AVAXUSDT_1h,"{0: 0.5079365079365079, 1: 0.49206349206349204}",DESBALANCEO REAL VAL
RandomForestClassifier,AVAXUSDT_1h,"{0: 0.5317460317460317, 1: 0.46825396825396826}",DESBALANCEO PREDICCIÓN VAL
RandomForestClassifier,AVAXUSDT_1h,0.5205315406771696,F1 VALIDATION
RandomForestClassifier,AVAXUSDT_1h,"{0: 0.5079365079365079, 1: 0.49206349206349204}",DESBALANCEO REAL VAL
RandomForestClassifier,AVAXUSDT_1h,"{0: 0.6111111111111112, 1: 0.3888888888888889}",DESBALANCEO PREDICCIÓN VAL
RandomForestClassifier,AVAXUSDT_1h,0.5212116053503907,F1 VALIDATION
RandomForestClassifier,AVAXUSDT_1h,"{0: 0.5079365079365079, 1: 0.49206349206349204}",DESBALANCEO REAL VAL
RandomForestClassifier,AVAXUSDT_1h,"{0: 0.5714285714285714, 1: 0.42857142857142855}",DESBALANCEO PREDICCIÓN VAL
RandomForestClassifier,AVAXUSDT_1h,0.5404320947973089,F1 VALIDATION
RandomForestClassifier,AVAXUSDT_1h,"{0: 0.5079365079365079, 1: 0.49206349206349204}",DESBALANCEO REAL VAL
RandomForestClassifier,AVAXUSDT_1h,"{0: 0.6190476190476191, 1: 0.38095238095238093}",DESBALANCEO PREDICCIÓN VAL
RandomForestClassifier,AVAXUSDT_1h,0.49476526218293204,F1 VALIDATION
RandomForestClassifier,AVAXUSDT_1h,"{0: 0.5079365079365079, 1: 0.49206349206349204}",DESBALANCEO REAL VAL
RandomForestClassifier,AVAXUSDT_1h,"{0: 0.5476190476190477, 1: 0.4523809523809524}",DESBALANCEO PREDICCIÓN VAL
RandomForestClassifier,AVAXUSDT_1h,0.5049651866225316,FINAL TEST
RandomForestClassifier,AVAXUSDT_1h,0.503499550396522,F1 FINAL TEST
RandomForestClassifier,AVAXUSDT_1h,"{0: 0.5135258532131035, 1: 0.4864741467868965}",DESBALANCEO REAL
RandomForestClassifier,AVAXUSDT_1h,"{0: 0.5408058440817258, 1: 0.45919415591827417}",DESBALANCEO PREDICCIÓN
GradientBoostingClassifier,BTCUSDT_1h,0.5182898853222271,F1 VALIDATION
GradientBoostingClassifier,BTCUSDT_1h,"{1: 0.5317460317460317, 0: 0.46825396825396826}",DESBALANCEO REAL VAL
GradientBoostingClassifier,BTCUSDT_1h,"{0: 0.5158730158730159, 1: 0.48412698412698413}",DESBALANCEO PREDICCIÓN VAL
GradientBoostingClassifier,BTCUSDT_1h,0.5142152576792477,F1 VALIDATION
GradientBoostingClassifier,BTCUSDT_1h,"{1: 0.5317460317460317, 0: 0.46825396825396826}",DESBALANCEO REAL VAL
GradientBoostingClassifier,BTCUSDT_1h,"{1: 0.5714285714285714, 0: 0.42857142857142855}",DESBALANCEO PREDICCIÓN VAL
GradientBoostingClassifier,BTCUSDT_1h,0.5159362850480795,F1 VALIDATION
GradientBoostingClassifier,BTCUSDT_1h,"{1: 0.5317460317460317, 0: 0.46825396825396826}",DESBALANCEO REAL VAL
GradientBoostingClassifier,BTCUSDT_1h,"{1: 0.5158730158730159, 0: 0.48412698412698413}",DESBALANCEO PREDICCIÓN VAL
GradientBoostingClassifier,BTCUSDT_1h,0.5166748925758219,F1 VALIDATION
GradientBoostingClassifier,BTCUSDT_1h,"{1: 0.5317460317460317, 0: 0.46825396825396826}",DESBALANCEO REAL VAL
GradientBoostingClassifier,BTCUSDT_1h,"{0: 0.5158730158730159, 1: 0.48412698412698413}",DESBALANCEO PREDICCIÓN VAL
GradientBoostingClassifier,BTCUSDT_1h,0.49790663561610743,F1 VALIDATION
GradientBoostingClassifier,BTCUSDT_1h,"{1: 0.5317460317460317, 0: 0.46825396825396826}",DESBALANCEO REAL VAL
GradientBoostingClassifier,BTCUSDT_1h,"{1: 0.5634920634920635, 0: 0.4365079365079365}",DESBALANCEO PREDICCIÓN VAL
GradientBoostingClassifier,BTCUSDT_1h,0.5244708588931932,F1 VALIDATION
GradientBoostingClassifier,BTCUSDT_1h,"{1: 0.5317460317460317, 0: 0.46825396825396826}",DESBALANCEO REAL VAL
GradientBoostingClassifier,BTCUSDT_1h,"{1: 0.5634920634920635, 0: 0.4365079365079365}",DESBALANCEO PREDICCIÓN VAL
GradientBoostingClassifier,BTCUSDT_1h,0.5065402842166048,F1 VALIDATION
GradientBoostingClassifier,BTCUSDT_1h,"{1: 0.5317460317460317, 0: 0.46825396825396826}",DESBALANCEO REAL VAL
GradientBoostingClassifier,BTCUSDT_1h,"{1: 0.6031746031746031, 0: 0.3968253968253968}",DESBALANCEO PREDICCIÓN VAL
GradientBoostingClassifier,BTCUSDT_1h,0.5025150564023025,F1 VALIDATION
GradientBoostingClassifier,BTCUSDT_1h,"{1: 0.5317460317460317, 0: 0.46825396825396826}",DESBALANCEO REAL VAL
GradientBoostingClassifier,BTCUSDT_1h,"{1: 0.5079365079365079, 0: 0.49206349206349204}",DESBALANCEO PREDICCIÓN VAL
GradientBoostingClassifier,BTCUSDT_1h,0.509822357322081,F1 VALIDATION
GradientBoostingClassifier,BTCUSDT_1h,"{1: 0.5317460317460317, 0: 0.46825396825396826}",DESBALANCEO REAL VAL
GradientBoostingClassifier,BTCUSDT_1h,"{0: 0.5, 1: 0.5}",DESBALANCEO PREDICCIÓN VAL
GradientBoostingClassifier,BTCUSDT_1h,0.5352791630388863,F1 VALIDATION
GradientBoostingClassifier,BTCUSDT_1h,"{1: 0.5317460317460317, 0: 0.46825396825396826}",DESBALANCEO REAL VAL
GradientBoostingClassifier,BTCUSDT_1h,"{1: 0.5476190476190477, 0: 0.4523809523809524}",DESBALANCEO PREDICCIÓN VAL
GradientBoostingClassifier,BTCUSDT_1h,0.5062207510558155,FINAL TEST
GradientBoostingClassifier,BTCUSDT_1h,0.5059607074105203,F1 FINAL TEST
GradientBoostingClassifier,BTCUSDT_1h,"{1: 0.5111288665677434, 0: 0.4888711334322566}",DESBALANCEO REAL
GradientBoostingClassifier,BTCUSDT_1h,"{1: 0.5118137198949891, 0: 0.48818628010501086}",DESBALANCEO PREDICCIÓN
GradientBoostingClassifier,ETHUSDT_1h,0.525532733841209,F1 VALIDATION
GradientBoostingClassifier,ETHUSDT_1h,"{1: 0.5317460317460317, 0: 0.46825396825396826}",DESBALANCEO REAL VAL
GradientBoostingClassifier,ETHUSDT_1h,"{0: 0.5714285714285714, 1: 0.42857142857142855}",DESBALANCEO PREDICCIÓN VAL
GradientBoostingClassifier,ETHUSDT_1h,0.49373624419205964,F1 VALIDATION
GradientBoostingClassifier,ETHUSDT_1h,"{1: 0.5317460317460317, 0: 0.46825396825396826}",DESBALANCEO REAL VAL
GradientBoostingClassifier,ETHUSDT_1h,"{1: 0.5396825396825397, 0: 0.4603174603174603}",DESBALANCEO PREDICCIÓN VAL
GradientBoostingClassifier,ETHUSDT_1h,0.5220792578955926,F1 VALIDATION
GradientBoostingClassifier,ETHUSDT_1h,"{1: 0.5317460317460317, 0: 0.46825396825396826}",DESBALANCEO REAL VAL
GradientBoostingClassifier,ETHUSDT_1h,"{0: 0.5396825396825397, 1: 0.4603174603174603}",DESBALANCEO PREDICCIÓN VAL
GradientBoostingClassifier,ETHUSDT_1h,0.48771355235432595,F1 VALIDATION
GradientBoostingClassifier,ETHUSDT_1h,"{1: 0.5317460317460317, 0: 0.46825396825396826}",DESBALANCEO REAL VAL
GradientBoostingClassifier,ETHUSDT_1h,"{0: 0.5158730158730159, 1: 0.48412698412698413}",DESBALANCEO PREDICCIÓN VAL
GradientBoostingClassifier,ETHUSDT_1h,0.5151507933959071,F1 VALIDATION
GradientBoostingClassifier,ETHUSDT_1h,"{1: 0.5317460317460317, 0: 0.46825396825396826}",DESBALANCEO REAL VAL
GradientBoostingClassifier,ETHUSDT_1h,"{0: 0.5396825396825397, 1: 0.4603174603174603}",DESBALANCEO PREDICCIÓN VAL
GradientBoostingClassifier,ETHUSDT_1h,0.501907127039261,F1 VALIDATION
GradientBoostingClassifier,ETHUSDT_1h,"{1: 0.5317460317460317, 0: 0.46825396825396826}",DESBALANCEO REAL VAL
GradientBoostingClassifier,ETHUSDT_1h,"{0: 0.6349206349206349, 1: 0.36507936507936506}",DESBALANCEO PREDICCIÓN VAL
GradientBoostingClassifier,ETHUSDT_1h,0.5308291193109647,F1 VALIDATION
GradientBoostingClassifier,ETHUSDT_1h,"{1: 0.5317460317460317, 0: 0.46825396825396826}",DESBALANCEO REAL VAL
GradientBoostingClassifier,ETHUSDT_1h,"{0: 0.5238095238095238, 1: 0.47619047619047616}",DESBALANCEO PREDICCIÓN VAL
GradientBoostingClassifier,ETHUSDT_1h,0.5278617064054165,F1 VALIDATION
GradientBoostingClassifier,ETHUSDT_1h,"{1: 0.5317460317460317, 0: 0.46825396825396826}",DESBALANCEO REAL VAL
GradientBoostingClassifier,ETHUSDT_1h,"{0: 0.5396825396825397, 1: 0.4603174603174603}",DESBALANCEO PREDICCIÓN VAL
GradientBoostingClassifier,ETHUSDT_1h,0.5148587178318642,F1 VALIDATION
GradientBoostingClassifier,ETHUSDT_1h,"{1: 0.5317460317460317, 0: 0.46825396825396826}",DESBALANCEO REAL VAL
GradientBoostingClassifier,ETHUSDT_1h,"{0: 0.5476190476190477, 1: 0.4523809523809524}",DESBALANCEO PREDICCIÓN VAL
GradientBoostingClassifier,ETHUSDT_1h,0.5102819348220858,F1 VALIDATION
GradientBoostingClassifier,ETHUSDT_1h,"{1: 0.5317460317460317, 0: 0.46825396825396826}",DESBALANCEO REAL VAL
GradientBoostingClassifier,ETHUSDT_1h,"{1: 0.5317460317460317, 0: 0.46825396825396826}",DESBALANCEO PREDICCIÓN VAL
GradientBoostingClassifier,ETHUSDT_1h,0.5129551421070654,FINAL TEST
GradientBoostingClassifier,ETHUSDT_1h,0.512140525167925,F1 FINAL TEST
GradientBoostingClassifier,ETHUSDT_1h,"{1: 0.5079328843739299, 0: 0.4920671156260701}",DESBALANCEO REAL
GradientBoostingClassifier,ETHUSDT_1h,"{0: 0.5487957995662596, 1: 0.45120420043374043}",DESBALANCEO PREDICCIÓN
GradientBoostingClassifier,XRPUSDT_1h,0.5561577232083307,F1 VALIDATION
GradientBoostingClassifier,XRPUSDT_1h,"{1: 0.5476190476190477, 0: 0.4523809523809524}",DESBALANCEO REAL VAL
GradientBoostingClassifier,XRPUSDT_1h,"{1: 0.5555555555555556, 0: 0.4444444444444444}",DESBALANCEO PREDICCIÓN VAL
GradientBoostingClassifier,XRPUSDT_1h,0.49771807925090705,F1 VALIDATION
GradientBoostingClassifier,XRPUSDT_1h,"{1: 0.5476190476190477, 0: 0.4523809523809524}",DESBALANCEO REAL VAL
GradientBoostingClassifier,XRPUSDT_1h,"{0: 0.5317460317460317, 1: 0.46825396825396826}",DESBALANCEO PREDICCIÓN VAL
GradientBoostingClassifier,XRPUSDT_1h,0.5177343690183652,F1 VALIDATION
GradientBoostingClassifier,XRPUSDT_1h,"{1: 0.5476190476190477, 0: 0.4523809523809524}",DESBALANCEO REAL VAL
GradientBoostingClassifier,XRPUSDT_1h,"{0: 0.5, 1: 0.5}",DESBALANCEO PREDICCIÓN VAL
GradientBoostingClassifier,XRPUSDT_1h,0.5079870725696333,F1 VALIDATION
GradientBoostingClassifier,XRPUSDT_1h,"{1: 0.5476190476190477, 0: 0.4523809523809524}",DESBALANCEO REAL VAL
GradientBoostingClassifier,XRPUSDT_1h,"{0: 0.5476190476190477, 1: 0.4523809523809524}",DESBALANCEO PREDICCIÓN VAL
GradientBoostingClassifier,XRPUSDT_1h,0.5213226699783783,F1 VALIDATION
GradientBoostingClassifier,XRPUSDT_1h,"{1: 0.5476190476190477, 0: 0.4523809523809524}",DESBALANCEO REAL VAL
GradientBoostingClassifier,XRPUSDT_1h,"{0: 0.5, 1: 0.5}",DESBALANCEO PREDICCIÓN VAL
GradientBoostingClassifier,XRPUSDT_1h,0.518175409197911,F1 VALIDATION
GradientBoostingClassifier,XRPUSDT_1h,"{1: 0.5476190476190477, 0: 0.4523809523809524}",DESBALANCEO REAL VAL
GradientBoostingClassifier,XRPUSDT_1h,"{1: 0.5158730158730159, 0: 0.48412698412698413}",DESBALANCEO PREDICCIÓN VAL
GradientBoostingClassifier,XRPUSDT_1h,0.5459918401393006,F1 VALIDATION
GradientBoostingClassifier,XRPUSDT_1h,"{1: 0.5476190476190477, 0: 0.4523809523809524}",DESBALANCEO REAL VAL
GradientBoostingClassifier,XRPUSDT_1h,"{1: 0.5555555555555556, 0: 0.4444444444444444}",DESBALANCEO PREDICCIÓN VAL
GradientBoostingClassifier,XRPUSDT_1h,0.4948669752152993,F1 VALIDATION
GradientBoostingClassifier,XRPUSDT_1h,"{1: 0.5476190476190477, 0: 0.4523809523809524}",DESBALANCEO REAL VAL
GradientBoostingClassifier,XRPUSDT_1h,"{0: 0.5476190476190477, 1: 0.4523809523809524}",DESBALANCEO PREDICCIÓN VAL
GradientBoostingClassifier,XRPUSDT_1h,0.520365429511276,F1 VALIDATION
GradientBoostingClassifier,XRPUSDT_1h,"{1: 0.5476190476190477, 0: 0.4523809523809524}",DESBALANCEO REAL VAL
GradientBoostingClassifier,XRPUSDT_1h,"{1: 0.5317460317460317, 0: 0.46825396825396826}",DESBALANCEO PREDICCIÓN VAL
GradientBoostingClassifier,XRPUSDT_1h,0.5439688937819487,F1 VALIDATION
GradientBoostingClassifier,XRPUSDT_1h,"{1: 0.5476190476190477, 0: 0.4523809523809524}",DESBALANCEO REAL VAL
GradientBoostingClassifier,XRPUSDT_1h,"{1: 0.5476190476190477, 0: 0.4523809523809524}",DESBALANCEO PREDICCIÓN VAL
GradientBoostingClassifier,XRPUSDT_1h,0.5138682798767265,FINAL TEST
GradientBoostingClassifier,XRPUSDT_1h,0.5137997666406647,F1 FINAL TEST
GradientBoostingClassifier,XRPUSDT_1h,"{1: 0.502454057755964, 0: 0.4975459422440361}",DESBALANCEO REAL
GradientBoostingClassifier,XRPUSDT_1h,"{0: 0.5143248487615569, 1: 0.4856751512384431}",DESBALANCEO PREDICCIÓN
GradientBoostingClassifier,BNBUSDT_1h,0.5369666901850809,F1 VALIDATION
GradientBoostingClassifier,BNBUSDT_1h,"{1: 0.5158730158730159, 0: 0.48412698412698413}",DESBALANCEO REAL VAL
GradientBoostingClassifier,BNBUSDT_1h,"{1: 0.626984126984127, 0: 0.373015873015873}",DESBALANCEO PREDICCIÓN VAL
GradientBoostingClassifier,BNBUSDT_1h,0.5306118897795409,F1 VALIDATION
GradientBoostingClassifier,BNBUSDT_1h,"{1: 0.5158730158730159, 0: 0.48412698412698413}",DESBALANCEO REAL VAL
GradientBoostingClassifier,BNBUSDT_1h,"{1: 0.5317460317460317, 0: 0.46825396825396826}",DESBALANCEO PREDICCIÓN VAL
GradientBoostingClassifier,BNBUSDT_1h,0.5194784478359029,F1 VALIDATION
GradientBoostingClassifier,BNBUSDT_1h,"{1: 0.5158730158730159, 0: 0.48412698412698413}",DESBALANCEO REAL VAL
GradientBoostingClassifier,BNBUSDT_1h,"{1: 0.6428571428571429, 0: 0.35714285714285715}",DESBALANCEO PREDICCIÓN VAL
GradientBoostingClassifier,BNBUSDT_1h,0.5391632138805408,F1 VALIDATION
GradientBoostingClassifier,BNBUSDT_1h,"{1: 0.5158730158730159, 0: 0.48412698412698413}",DESBALANCEO REAL VAL
GradientBoostingClassifier,BNBUSDT_1h,"{1: 0.6031746031746031, 0: 0.3968253968253968}",DESBALANCEO PREDICCIÓN VAL
GradientBoostingClassifier,BNBUSDT_1h,0.5298503452212064,F1 VALIDATION
GradientBoostingClassifier,BNBUSDT_1h,"{1: 0.5158730158730159, 0: 0.48412698412698413}",DESBALANCEO REAL VAL
GradientBoostingClassifier,BNBUSDT_1h,"{1: 0.626984126984127, 0: 0.373015873015873}",DESBALANCEO PREDICCIÓN VAL
GradientBoostingClassifier,BNBUSDT_1h,0.538328991368905,F1 VALIDATION
GradientBoostingClassifier,BNBUSDT_1h,"{1: 0.5158730158730159, 0: 0.48412698412698413}",DESBALANCEO REAL VAL
GradientBoostingClassifier,BNBUSDT_1h,"{1: 0.5793650793650794, 0: 0.42063492063492064}",DESBALANCEO PREDICCIÓN VAL
GradientBoostingClassifier,BNBUSDT_1h,0.5487224415038235,F1 VALIDATION
GradientBoostingClassifier,BNBUSDT_1h,"{1: 0.5158730158730159, 0: 0.48412698412698413}",DESBALANCEO REAL VAL
GradientBoostingClassifier,BNBUSDT_1h,"{1: 0.6190476190476191, 0: 0.38095238095238093}",DESBALANCEO PREDICCIÓN VAL
GradientBoostingClassifier,BNBUSDT_1h,0.5070046419569165,F1 VALIDATION
GradientBoostingClassifier,BNBUSDT_1h,"{1: 0.5158730158730159, 0: 0.48412698412698413}",DESBALANCEO REAL VAL
GradientBoostingClassifier,BNBUSDT_1h,"{1: 0.5793650793650794, 0: 0.42063492063492064}",DESBALANCEO PREDICCIÓN VAL
GradientBoostingClassifier,BNBUSDT_1h,0.5497896523555196,F1 VALIDATION
GradientBoostingClassifier,BNBUSDT_1h,"{1: 0.5158730158730159, 0: 0.48412698412698413}",DESBALANCEO REAL VAL
GradientBoostingClassifier,BNBUSDT_1h,"{1: 0.6666666666666666, 0: 0.3333333333333333}",DESBALANCEO PREDICCIÓN VAL
GradientBoostingClassifier,BNBUSDT_1h,0.5384049818606564,F1 VALIDATION
GradientBoostingClassifier,BNBUSDT_1h,"{1: 0.5158730158730159, 0: 0.48412698412698413}",DESBALANCEO REAL VAL
GradientBoostingClassifier,BNBUSDT_1h,"{1: 0.5714285714285714, 0: 0.42857142857142855}",DESBALANCEO PREDICCIÓN VAL
GradientBoostingClassifier,BNBUSDT_1h,0.513982422097934,FINAL TEST
GradientBoostingClassifier,BNBUSDT_1h,0.5138669930042519,F1 FINAL TEST
GradientBoostingClassifier,BNBUSDT_1h,"{1: 0.5145531332039721, 0: 0.48544686679602783}",DESBALANCEO REAL
GradientBoostingClassifier,BNBUSDT_1h,"{0: 0.5299623330670015, 1: 0.47003766693299853}",DESBALANCEO PREDICCIÓN
GradientBoostingClassifier,SOLUSDT_1h,0.5017123271466273,F1 VALIDATION
GradientBoostingClassifier,SOLUSDT_1h,"{1: 0.5476190476190477, 0: 0.4523809523809524}",DESBALANCEO REAL VAL
GradientBoostingClassifier,SOLUSDT_1h,"{0: 0.5634920634920635, 1: 0.4365079365079365}",DESBALANCEO PREDICCIÓN VAL
GradientBoostingClassifier,SOLUSDT_1h,0.5202541567252019,F1 VALIDATION
GradientBoostingClassifier,SOLUSDT_1h,"{1: 0.5476190476190477, 0: 0.4523809523809524}",DESBALANCEO REAL VAL
GradientBoostingClassifier,SOLUSDT_1h,"{0: 0.6666666666666666, 1: 0.3333333333333333}",DESBALANCEO PREDICCIÓN VAL
GradientBoostingClassifier,SOLUSDT_1h,0.5075239202199169,F1 VALIDATION
GradientBoostingClassifier,SOLUSDT_1h,"{1: 0.5476190476190477, 0: 0.4523809523809524}",DESBALANCEO REAL VAL
GradientBoostingClassifier,SOLUSDT_1h,"{0: 0.5555555555555556, 1: 0.4444444444444444}",DESBALANCEO PREDICCIÓN VAL
GradientBoostingClassifier,SOLUSDT_1h,0.5325362703926786,F1 VALIDATION
GradientBoostingClassifier,SOLUSDT_1h,"{1: 0.5476190476190477, 0: 0.4523809523809524}",DESBALANCEO REAL VAL
GradientBoostingClassifier,SOLUSDT_1h,"{0: 0.6428571428571429, 1: 0.35714285714285715}",DESBALANCEO PREDICCIÓN VAL
GradientBoostingClassifier,SOLUSDT_1h,0.5005198684308072,F1 VALIDATION
GradientBoostingClassifier,SOLUSDT_1h,"{1: 0.5476190476190477, 0: 0.4523809523809524}",DESBALANCEO REAL VAL
GradientBoostingClassifier,SOLUSDT_1h,"{1: 0.5, 0: 0.5}",DESBALANCEO PREDICCIÓN VAL
GradientBoostingClassifier,SOLUSDT_1h,0.5254118570391073,F1 VALIDATION
GradientBoostingClassifier,SOLUSDT_1h,"{1: 0.5476190476190477, 0: 0.4523809523809524}",DESBALANCEO REAL VAL
GradientBoostingClassifier,SOLUSDT_1h,"{0: 0.5952380952380952, 1: 0.40476190476190477}",DESBALANCEO PREDICCIÓN VAL
GradientBoostingClassifier,SOLUSDT_1h,0.5040199544554798,F1 VALIDATION
GradientBoostingClassifier,SOLUSDT_1h,"{1: 0.5476190476190477, 0: 0.4523809523809524}",DESBALANCEO REAL VAL
GradientBoostingClassifier,SOLUSDT_1h,"{0: 0.6111111111111112, 1: 0.3888888888888889}",DESBALANCEO PREDICCIÓN VAL
GradientBoostingClassifier,SOLUSDT_1h,0.529926404754748,F1 VALIDATION
GradientBoostingClassifier,SOLUSDT_1h,"{1: 0.5476190476190477, 0: 0.4523809523809524}",DESBALANCEO REAL VAL
GradientBoostingClassifier,SOLUSDT_1h,"{0: 0.5238095238095238, 1: 0.47619047619047616}",DESBALANCEO PREDICCIÓN VAL
GradientBoostingClassifier,SOLUSDT_1h,0.5190721547892603,F1 VALIDATION
GradientBoostingClassifier,SOLUSDT_1h,"{1: 0.5476190476190477, 0: 0.4523809523809524}",DESBALANCEO REAL VAL
GradientBoostingClassifier,SOLUSDT_1h,"{0: 0.5873015873015873, 1: 0.4126984126984127}",DESBALANCEO PREDICCIÓN VAL
GradientBoostingClassifier,SOLUSDT_1h,0.5274950085845969,F1 VALIDATION
GradientBoostingClassifier,SOLUSDT_1h,"{1: 0.5476190476190477, 0: 0.4523809523809524}",DESBALANCEO REAL VAL
GradientBoostingClassifier,SOLUSDT_1h,"{0: 0.6031746031746031, 1: 0.3968253968253968}",DESBALANCEO PREDICCIÓN VAL
GradientBoostingClassifier,SOLUSDT_1h,0.5177491153977857,FINAL TEST
GradientBoostingClassifier,SOLUSDT_1h,0.5038570307347409,F1 FINAL TEST
GradientBoostingClassifier,SOLUSDT_1h,"{1: 0.5053076132861546, 0: 0.49469238671384547}",DESBALANCEO REAL
GradientBoostingClassifier,SOLUSDT_1h,"{0: 0.6726401095765323, 1: 0.32735989042346764}",DESBALANCEO PREDICCIÓN
GradientBoostingClassifier,ADAUSDT_1h,0.5654303440532743,F1 VALIDATION
GradientBoostingClassifier,ADAUSDT_1h,"{1: 0.5238095238095238, 0: 0.47619047619047616}",DESBALANCEO REAL VAL
GradientBoostingClassifier,ADAUSDT_1h,"{0: 0.5714285714285714, 1: 0.42857142857142855}",DESBALANCEO PREDICCIÓN VAL
GradientBoostingClassifier,ADAUSDT_1h,0.5067842127437225,F1 VALIDATION
GradientBoostingClassifier,ADAUSDT_1h,"{1: 0.5238095238095238, 0: 0.47619047619047616}",DESBALANCEO REAL VAL
GradientBoostingClassifier,ADAUSDT_1h,"{0: 0.6587301587301587, 1: 0.3412698412698413}",DESBALANCEO PREDICCIÓN VAL
GradientBoostingClassifier,ADAUSDT_1h,0.5030628903222971,F1 VALIDATION
GradientBoostingClassifier,ADAUSDT_1h,"{1: 0.5238095238095238, 0: 0.47619047619047616}",DESBALANCEO REAL VAL
GradientBoostingClassifier,ADAUSDT_1h,"{0: 0.6507936507936508, 1: 0.3492063492063492}",DESBALANCEO PREDICCIÓN VAL
GradientBoostingClassifier,ADAUSDT_1h,0.49496887404386136,F1 VALIDATION
GradientBoostingClassifier,ADAUSDT_1h,"{1: 0.5238095238095238, 0: 0.47619047619047616}",DESBALANCEO REAL VAL
GradientBoostingClassifier,ADAUSDT_1h,"{0: 0.6111111111111112, 1: 0.3888888888888889}",DESBALANCEO PREDICCIÓN VAL
GradientBoostingClassifier,ADAUSDT_1h,0.5006937900828774,F1 VALIDATION
GradientBoostingClassifier,ADAUSDT_1h,"{1: 0.5238095238095238, 0: 0.47619047619047616}",DESBALANCEO REAL VAL
GradientBoostingClassifier,ADAUSDT_1h,"{0: 0.626984126984127, 1: 0.373015873015873}",DESBALANCEO PREDICCIÓN VAL
GradientBoostingClassifier,ADAUSDT_1h,0.5150517189548556,F1 VALIDATION
GradientBoostingClassifier,ADAUSDT_1h,"{1: 0.5238095238095238, 0: 0.47619047619047616}",DESBALANCEO REAL VAL
GradientBoostingClassifier,ADAUSDT_1h,"{0: 0.6190476190476191, 1: 0.38095238095238093}",DESBALANCEO PREDICCIÓN VAL
GradientBoostingClassifier,ADAUSDT_1h,0.5131508297550603,F1 VALIDATION
GradientBoostingClassifier,ADAUSDT_1h,"{1: 0.5238095238095238, 0: 0.47619047619047616}",DESBALANCEO REAL VAL
GradientBoostingClassifier,ADAUSDT_1h,"{0: 0.6746031746031746, 1: 0.3253968253968254}",DESBALANCEO PREDICCIÓN VAL
GradientBoostingClassifier,ADAUSDT_1h,0.5179967098338993,F1 VALIDATION
GradientBoostingClassifier,ADAUSDT_1h,"{1: 0.5238095238095238, 0: 0.47619047619047616}",DESBALANCEO REAL VAL
GradientBoostingClassifier,ADAUSDT_1h,"{0: 0.6904761904761905, 1: 0.30952380952380953}",DESBALANCEO PREDICCIÓN VAL
GradientBoostingClassifier,ADAUSDT_1h,0.5177101860983953,F1 VALIDATION
GradientBoostingClassifier,ADAUSDT_1h,"{1: 0.5238095238095238, 0: 0.47619047619047616}",DESBALANCEO REAL VAL
GradientBoostingClassifier,ADAUSDT_1h,"{0: 0.5873015873015873, 1: 0.4126984126984127}",DESBALANCEO PREDICCIÓN VAL
GradientBoostingClassifier,ADAUSDT_1h,0.5165123520929876,F1 VALIDATION
GradientBoostingClassifier,ADAUSDT_1h,"{1: 0.5238095238095238, 0: 0.47619047619047616}",DESBALANCEO REAL VAL
GradientBoostingClassifier,ADAUSDT_1h,"{0: 0.5873015873015873, 1: 0.4126984126984127}",DESBALANCEO PREDICCIÓN VAL
GradientBoostingClassifier,ADAUSDT_1h,0.5074763154890994,FINAL TEST
GradientBoostingClassifier,ADAUSDT_1h,0.5074042055598306,F1 FINAL TEST
GradientBoostingClassifier,ADAUSDT_1h,"{0: 0.5064490354982308, 1: 0.4935509645017692}",DESBALANCEO REAL
GradientBoostingClassifier,ADAUSDT_1h,"{0: 0.5056500399497774, 1: 0.4943499600502226}",DESBALANCEO PREDICCIÓN
GradientBoostingClassifier,TRXUSDT_1h,0.4840403653319104,F1 VALIDATION
GradientBoostingClassifier,TRXUSDT_1h,"{1: 0.5952380952380952, 0: 0.40476190476190477}",DESBALANCEO REAL VAL
GradientBoostingClassifier,TRXUSDT_1h,"{0: 0.6031746031746031, 1: 0.3968253968253968}",DESBALANCEO PREDICCIÓN VAL
GradientBoostingClassifier,TRXUSDT_1h,0.48505184821498676,F1 VALIDATION
GradientBoostingClassifier,TRXUSDT_1h,"{1: 0.5952380952380952, 0: 0.40476190476190477}",DESBALANCEO REAL VAL
GradientBoostingClassifier,TRXUSDT_1h,"{0: 0.6666666666666666, 1: 0.3333333333333333}",DESBALANCEO PREDICCIÓN VAL
GradientBoostingClassifier,TRXUSDT_1h,0.48311493801754307,F1 VALIDATION
GradientBoostingClassifier,TRXUSDT_1h,"{1: 0.5952380952380952, 0: 0.40476190476190477}",DESBALANCEO REAL VAL
GradientBoostingClassifier,TRXUSDT_1h,"{0: 0.6904761904761905, 1: 0.30952380952380953}",DESBALANCEO PREDICCIÓN VAL
GradientBoostingClassifier,TRXUSDT_1h,0.46999853194706986,F1 VALIDATION
GradientBoostingClassifier,TRXUSDT_1h,"{1: 0.5952380952380952, 0: 0.40476190476190477}",DESBALANCEO REAL VAL
GradientBoostingClassifier,TRXUSDT_1h,"{1: 0.5079365079365079, 0: 0.49206349206349204}",DESBALANCEO PREDICCIÓN VAL
GradientBoostingClassifier,TRXUSDT_1h,0.47838039553639566,F1 VALIDATION
GradientBoostingClassifier,TRXUSDT_1h,"{1: 0.5952380952380952, 0: 0.40476190476190477}",DESBALANCEO REAL VAL
GradientBoostingClassifier,TRXUSDT_1h,"{0: 0.6428571428571429, 1: 0.35714285714285715}",DESBALANCEO PREDICCIÓN VAL
GradientBoostingClassifier,TRXUSDT_1h,0.4706327262048128,F1 VALIDATION
GradientBoostingClassifier,TRXUSDT_1h,"{1: 0.5952380952380952, 0: 0.40476190476190477}",DESBALANCEO REAL VAL
GradientBoostingClassifier,TRXUSDT_1h,"{0: 0.6587301587301587, 1: 0.3412698412698413}",DESBALANCEO PREDICCIÓN VAL
GradientBoostingClassifier,TRXUSDT_1h,0.4971180179133238,F1 VALIDATION
GradientBoostingClassifier,TRXUSDT_1h,"{1: 0.5952380952380952, 0: 0.40476190476190477}",DESBALANCEO REAL VAL
GradientBoostingClassifier,TRXUSDT_1h,"{0: 0.746031746031746, 1: 0.25396825396825395}",DESBALANCEO PREDICCIÓN VAL
GradientBoostingClassifier,TRXUSDT_1h,0.4881572877281428,F1 VALIDATION
GradientBoostingClassifier,TRXUSDT_1h,"{1: 0.5952380952380952, 0: 0.40476190476190477}",DESBALANCEO REAL VAL
GradientBoostingClassifier,TRXUSDT_1h,"{0: 0.6904761904761905, 1: 0.30952380952380953}",DESBALANCEO PREDICCIÓN VAL
GradientBoostingClassifier,TRXUSDT_1h,0.4920759799005932,F1 VALIDATION
GradientBoostingClassifier,TRXUSDT_1h,"{1: 0.5952380952380952, 0: 0.40476190476190477}",DESBALANCEO REAL VAL
GradientBoostingClassifier,TRXUSDT_1h,"{0: 0.5476190476190477, 1: 0.4523809523809524}",DESBALANCEO PREDICCIÓN VAL
GradientBoostingClassifier,TRXUSDT_1h,0.4999871300940811,F1 VALIDATION
GradientBoostingClassifier,TRXUSDT_1h,"{1: 0.5952380952380952, 0: 0.40476190476190477}",DESBALANCEO REAL VAL
GradientBoostingClassifier,TRXUSDT_1h,"{0: 0.5952380952380952, 1: 0.40476190476190477}",DESBALANCEO PREDICCIÓN VAL
GradientBoostingClassifier,TRXUSDT_1h,0.5098733021344596,FINAL TEST
GradientBoostingClassifier,TRXUSDT_1h,0.5098625677233489,F1 FINAL TEST
GradientBoostingClassifier,TRXUSDT_1h,"{1: 0.5171784042917476, 0: 0.4828215957082525}",DESBALANCEO REAL
GradientBoostingClassifier,TRXUSDT_1h,"{0: 0.5124985732222349, 1: 0.4875014267777651}",DESBALANCEO PREDICCIÓN
GradientBoostingClassifier,LINKUSDT_1h,0.501251631801409,F1 VALIDATION
GradientBoostingClassifier,LINKUSDT_1h,"{1: 0.5317460317460317, 0: 0.46825396825396826}",DESBALANCEO REAL VAL
GradientBoostingClassifier,LINKUSDT_1h,"{0: 0.5317460317460317, 1: 0.46825396825396826}",DESBALANCEO PREDICCIÓN VAL
GradientBoostingClassifier,LINKUSDT_1h,0.524863935216701,F1 VALIDATION
GradientBoostingClassifier,LINKUSDT_1h,"{1: 0.5317460317460317, 0: 0.46825396825396826}",DESBALANCEO REAL VAL
GradientBoostingClassifier,LINKUSDT_1h,"{0: 0.5952380952380952, 1: 0.40476190476190477}",DESBALANCEO PREDICCIÓN VAL
GradientBoostingClassifier,LINKUSDT_1h,0.49916004290676524,F1 VALIDATION
GradientBoostingClassifier,LINKUSDT_1h,"{1: 0.5317460317460317, 0: 0.46825396825396826}",DESBALANCEO REAL VAL
GradientBoostingClassifier,LINKUSDT_1h,"{0: 0.5555555555555556, 1: 0.4444444444444444}",DESBALANCEO PREDICCIÓN VAL
GradientBoostingClassifier,LINKUSDT_1h,0.48302905530810075,F1 VALIDATION
GradientBoostingClassifier,LINKUSDT_1h,"{1: 0.5317460317460317, 0: 0.46825396825396826}",DESBALANCEO REAL VAL
GradientBoostingClassifier,LINKUSDT_1h,"{0: 0.5873015873015873, 1: 0.4126984126984127}",DESBALANCEO PREDICCIÓN VAL
GradientBoostingClassifier,LINKUSDT_1h,0.531515519302818,F1 VALIDATION
GradientBoostingClassifier,LINKUSDT_1h,"{1: 0.5317460317460317, 0: 0.46825396825396826}",DESBALANCEO REAL VAL
GradientBoostingClassifier,LINKUSDT_1h,"{0: 0.5634920634920635, 1: 0.4365079365079365}",DESBALANCEO PREDICCIÓN VAL
GradientBoostingClassifier,LINKUSDT_1h,0.4864392826550394,F1 VALIDATION
GradientBoostingClassifier,LINKUSDT_1h,"{1: 0.5317460317460317, 0: 0.46825396825396826}",DESBALANCEO REAL VAL
GradientBoostingClassifier,LINKUSDT_1h,"{0: 0.6031746031746031, 1: 0.3968253968253968}",DESBALANCEO PREDICCIÓN VAL
GradientBoostingClassifier,LINKUSDT_1h,0.5009342871525273,F1 VALIDATION
GradientBoostingClassifier,LINKUSDT_1h,"{1: 0.5317460317460317, 0: 0.46825396825396826}",DESBALANCEO REAL VAL
GradientBoostingClassifier,LINKUSDT_1h,"{0: 0.5714285714285714, 1: 0.42857142857142855}",DESBALANCEO PREDICCIÓN VAL
GradientBoostingClassifier,LINKUSDT_1h,0.4792695730465894,F1 VALIDATION
GradientBoostingClassifier,LINKUSDT_1h,"{1: 0.5317460317460317, 0: 0.46825396825396826}",DESBALANCEO REAL VAL
GradientBoostingClassifier,LINKUSDT_1h,"{0: 0.5952380952380952, 1: 0.40476190476190477}",DESBALANCEO PREDICCIÓN VAL
GradientBoostingClassifier,LINKUSDT_1h,0.5083261709835185,F1 VALIDATION
GradientBoostingClassifier,LINKUSDT_1h,"{1: 0.5317460317460317, 0: 0.46825396825396826}",DESBALANCEO REAL VAL
GradientBoostingClassifier,LINKUSDT_1h,"{0: 0.5634920634920635, 1: 0.4365079365079365}",DESBALANCEO PREDICCIÓN VAL
GradientBoostingClassifier,LINKUSDT_1h,0.5132713566910214,F1 VALIDATION
GradientBoostingClassifier,LINKUSDT_1h,"{1: 0.5317460317460317, 0: 0.46825396825396826}",DESBALANCEO REAL VAL
GradientBoostingClassifier,LINKUSDT_1h,"{0: 0.5793650793650794, 1: 0.42063492063492064}",DESBALANCEO PREDICCIÓN VAL
GradientBoostingClassifier,LINKUSDT_1h,0.49674694669558267,FINAL TEST
GradientBoostingClassifier,LINKUSDT_1h,0.496217560826802,F1 FINAL TEST
GradientBoostingClassifier,LINKUSDT_1h,"{0: 0.5116995776737815, 1: 0.48830042232621845}",DESBALANCEO REAL
GradientBoostingClassifier,LINKUSDT_1h,"{0: 0.5207168131491838, 1: 0.4792831868508161}",DESBALANCEO PREDICCIÓN
GradientBoostingClassifier,AVAXUSDT_1h,0.5243072972475435,F1 VALIDATION
GradientBoostingClassifier,AVAXUSDT_1h,"{0: 0.5079365079365079, 1: 0.49206349206349204}",DESBALANCEO REAL VAL
GradientBoostingClassifier,AVAXUSDT_1h,"{0: 0.5873015873015873, 1: 0.4126984126984127}",DESBALANCEO PREDICCIÓN VAL
GradientBoostingClassifier,AVAXUSDT_1h,0.5025874012953186,F1 VALIDATION
GradientBoostingClassifier,AVAXUSDT_1h,"{0: 0.5079365079365079, 1: 0.49206349206349204}",DESBALANCEO REAL VAL
GradientBoostingClassifier,AVAXUSDT_1h,"{0: 0.5634920634920635, 1: 0.4365079365079365}",DESBALANCEO PREDICCIÓN VAL
GradientBoostingClassifier,AVAXUSDT_1h,0.5216958683930093,F1 VALIDATION
GradientBoostingClassifier,AVAXUSDT_1h,"{0: 0.5079365079365079, 1: 0.49206349206349204}",DESBALANCEO REAL VAL
GradientBoostingClassifier,AVAXUSDT_1h,"{0: 0.5317460317460317, 1: 0.46825396825396826}",DESBALANCEO PREDICCIÓN VAL
GradientBoostingClassifier,AVAXUSDT_1h,0.52243007985935,F1 VALIDATION
GradientBoostingClassifier,AVAXUSDT_1h,"{0: 0.5079365079365079, 1: 0.49206349206349204}",DESBALANCEO REAL VAL
GradientBoostingClassifier,AVAXUSDT_1h,"{1: 0.5158730158730159, 0: 0.48412698412698413}",DESBALANCEO PREDICCIÓN VAL
GradientBoostingClassifier,AVAXUSDT_1h,0.5212796497144815,F1 VALIDATION
GradientBoostingClassifier,AVAXUSDT_1h,"{0: 0.5079365079365079, 1: 0.49206349206349204}",DESBALANCEO REAL VAL
GradientBoostingClassifier,AVAXUSDT_1h,"{0: 0.5793650793650794, 1: 0.42063492063492064}",DESBALANCEO PREDICCIÓN VAL
GradientBoostingClassifier,AVAXUSDT_1h,0.5288675516132649,F1 VALIDATION
GradientBoostingClassifier,AVAXUSDT_1h,"{0: 0.5079365079365079, 1: 0.49206349206349204}",DESBALANCEO REAL VAL
GradientBoostingClassifier,AVAXUSDT_1h,"{0: 0.5317460317460317, 1: 0.46825396825396826}",DESBALANCEO PREDICCIÓN VAL
GradientBoostingClassifier,AVAXUSDT_1h,0.5266606041329684,F1 VALIDATION
GradientBoostingClassifier,AVAXUSDT_1h,"{0: 0.5079365079365079, 1: 0.49206349206349204}",DESBALANCEO REAL VAL
GradientBoostingClassifier,AVAXUSDT_1h,"{0: 0.5793650793650794, 1: 0.42063492063492064}",DESBALANCEO PREDICCIÓN VAL
GradientBoostingClassifier,AVAXUSDT_1h,0.5088159774839458,F1 VALIDATION
GradientBoostingClassifier,AVAXUSDT_1h,"{0: 0.5079365079365079, 1: 0.49206349206349204}",DESBALANCEO REAL VAL
GradientBoostingClassifier,AVAXUSDT_1h,"{0: 0.5317460317460317, 1: 0.46825396825396826}",DESBALANCEO PREDICCIÓN VAL
GradientBoostingClassifier,AVAXUSDT_1h,0.5448260838205361,F1 VALIDATION
GradientBoostingClassifier,AVAXUSDT_1h,"{0: 0.5079365079365079, 1: 0.49206349206349204}",DESBALANCEO REAL VAL
GradientBoostingClassifier,AVAXUSDT_1h,"{0: 0.5238095238095238, 1: 0.47619047619047616}",DESBALANCEO PREDICCIÓN VAL
GradientBoostingClassifier,AVAXUSDT_1h,0.5090772257886718,F1 VALIDATION
GradientBoostingClassifier,AVAXUSDT_1h,"{0: 0.5079365079365079, 1: 0.49206349206349204}",DESBALANCEO REAL VAL
GradientBoostingClassifier,AVAXUSDT_1h,"{0: 0.5873015873015873, 1: 0.4126984126984127}",DESBALANCEO PREDICCIÓN VAL
GradientBoostingClassifier,AVAXUSDT_1h,0.5037096221892478,FINAL TEST
GradientBoostingClassifier,AVAXUSDT_1h,0.5014869217886991,F1 FINAL TEST
GradientBoostingClassifier,AVAXUSDT_1h,"{0: 0.5135258532131035, 1: 0.4864741467868965}",DESBALANCEO REAL
GradientBoostingClassifier,AVAXUSDT_1h,"{0: 0.5532473461933569, 1: 0.4467526538066431}",DESBALANCEO PREDICCIÓN
