timestamp,open,high,low,close,volume,close_time,quote_av,trades,tb_base_av,tb_quote_av,ignore
2023-05-03,0.00000348,0.00014300,0.00000348,0.00004828,27047125.50000000,1683158399999,1309.08405675,61168,11221545.40000000,532.47233231,0
2023-05-04,0.00004833,0.00005168,0.00004447,0.00004608,8746295.60000000,1683244799999,417.20762257,22031,4664436.50000000,221.94878894,0
2023-05-05,0.00004622,0.00004746,0.00004314,0.00004428,5201166.40000000,1683331199999,234.19120724,17412,2931456.10000000,132.24054756,0
2023-05-06,0.00004432,0.00004728,0.00004377,0.00004610,4629731.10000000,1683417599999,210.72373502,17111,2517915.40000000,114.75268824,0
2023-05-07,0.00004608,0.00004668,0.00004291,0.00004371,2167834.20000000,1683503999999,97.38973601,8106,989659.40000000,44.41026450,0
2023-05-08,0.00004371,0.00004373,0.00003500,0.00004107,7411392.00000000,1683590399999,300.30004621,26176,3948034.80000000,159.89879135,0
2023-05-09,0.00004100,0.00004400,0.00003987,0.00004285,4777136.40000000,1683676799999,198.65641872,17900,2463559.70000000,102.45766290,0
2023-05-10,0.00004279,0.00004431,0.00004041,0.00004281,8947819.90000000,1683763199999,379.69554141,28839,4238736.60000000,179.93834859,0
2023-05-11,0.00004272,0.00004282,0.00003855,0.00003980,4108886.80000000,1683849599999,164.66352691,15655,2367255.10000000,94.59500702,0
2023-05-12,0.00003980,0.00004193,0.00003843,0.00004162,3232750.70000000,1683935999999,129.26297052,13235,1447316.70000000,57.91422752,0
2023-05-13,0.00004161,0.00004248,0.00004054,0.00004106,1579118.70000000,1684022399999,65.02036671,6981,837983.30000000,34.50649300,0
2023-05-14,0.00004100,0.00004450,0.00004001,0.00004306,2341530.70000000,1684108799999,100.00521397,8813,1129666.60000000,48.22150053,0
2023-05-15,0.00004299,0.00004575,0.00004202,0.00004394,3488902.10000000,1684195199999,155.41819441,15835,1637694.50000000,72.94499853,0
2023-05-16,0.00004396,0.00004431,0.00004230,0.00004304,1890829.70000000,1684281599999,81.98809110,8937,871318.40000000,37.77459150,0
2023-05-17,0.00004313,0.00004437,0.00004164,0.00004419,2557369.00000000,1684367999999,110.72241258,10784,1241894.70000000,53.82105102,0
2023-05-18,0.00004424,0.00004471,0.00004231,0.00004253,2317277.80000000,1684454399999,100.17988750,9460,1193668.10000000,51.66100181,0
2023-05-19,0.00004253,0.00004277,0.00004172,0.00004205,985742.20000000,1684540799999,41.62308275,5452,540530.90000000,22.83070526,0
2023-05-20,0.00004207,0.00004211,0.00004131,0.00004147,751650.30000000,1684627199999,31.31415122,4206,437160.20000000,18.21173623,0
2023-05-21,0.00004149,0.00004253,0.00003927,0.00004010,2374236.80000000,1684713599999,97.10730519,10371,1073861.10000000,43.78274551,0
2023-05-22,0.00004010,0.00004024,0.00003883,0.00003910,2282124.30000000,1684799999999,89.69277229,9412,1427772.50000000,56.09291283,0
2023-05-23,0.00003912,0.00004011,0.00003766,0.00003871,1896466.40000000,1684886399999,73.96464427,9175,1234870.80000000,48.16055396,0
2023-05-24,0.00003867,0.00003867,0.00003598,0.00003721,4111567.00000000,1684972799999,151.96329462,18287,2288435.10000000,84.53260782,0
2023-05-25,0.00003721,0.00003821,0.00003624,0.00003710,2299794.80000000,1685059199999,85.76632659,10508,1083963.30000000,40.44640269,0
2023-05-26,0.00003710,0.00003773,0.00003656,0.00003711,1879146.60000000,1685145599999,70.06028271,7060,729299.10000000,27.13267391,0
2023-05-27,0.00003712,0.00003800,0.00003689,0.00003717,1076779.50000000,1685231999999,40.19957707,4917,596696.30000000,22.28019020,0
2023-05-28,0.00003716,0.00003855,0.00003679,0.00003783,1859714.70000000,1685318399999,69.90059520,9194,924552.90000000,34.71942364,0
2023-05-29,0.00003783,0.00003937,0.00003671,0.00003748,4038624.70000000,1685404799999,154.03826713,17359,1958301.70000000,74.69499383,0
2023-05-30,0.00003750,0.00003808,0.00003583,0.00003618,2239967.80000000,1685491199999,82.60514391,9842,1285295.10000000,47.38014118,0
2023-05-31,0.00003615,0.00003637,0.00003502,0.00003579,1159866.20000000,1685577599999,41.41525103,6170,633892.50000000,22.63635496,0
2023-06-01,0.00003580,0.00003636,0.00003510,0.00003528,933904.90000000,1685663999999,33.35603428,5676,470052.40000000,16.79236644,0
2023-06-02,0.00003525,0.00003547,0.00003386,0.00003456,1918290.30000000,1685750399999,66.50477789,10093,946305.90000000,32.83105204,0
2023-06-03,0.00003454,0.00003519,0.00003341,0.00003450,2080629.80000000,1685836799999,71.08001577,9373,1482597.40000000,50.50847701,0
2023-06-04,0.00003447,0.00003600,0.00003438,0.00003539,1867411.40000000,1685923199999,65.95418250,9297,808055.10000000,28.48296051,0
2023-06-05,0.00003542,0.00003584,0.00002931,0.00003176,5397167.10000000,1686009599999,173.81083998,24368,2691855.40000000,86.84328967,0
2023-06-06,0.00003177,0.00003188,0.00002974,0.00003050,2503436.10000000,1686095999999,77.56921984,12611,1206897.80000000,37.37202440,0
2023-06-07,0.00003052,0.00003052,0.00002827,0.00002873,1697196.00000000,1686182399999,49.38109138,9333,775866.20000000,22.57417365,0
2023-06-08,0.00002873,0.00003000,0.00002703,0.00002749,2862930.20000000,1686268799999,80.54043261,13427,1602888.40000000,45.03840253,0
2023-06-09,0.00002753,0.00002859,0.00002691,0.00002788,2094121.90000000,1686355199999,58.50629352,10832,1126244.10000000,31.46717364,0
2023-06-10,0.00002790,0.00002800,0.00001974,0.00002360,6516794.40000000,1686441599999,154.54924515,28650,3314241.40000000,78.50377345,0
2023-06-11,0.00002360,0.00002415,0.00002286,0.00002335,3544238.80000000,1686527999999,83.69720183,12770,1814471.60000000,42.85833797,0
2023-06-12,0.00002336,0.00002657,0.00002213,0.00002559,7700153.40000000,1686614399999,192.82121478,28755,4607794.40000000,115.15534018,0
2023-06-13,0.00002561,0.00002790,0.00002555,0.00002691,7652448.40000000,1686700799999,205.27857105,26087,4431724.60000000,118.85895887,0
2023-06-14,0.00002690,0.00002740,0.00002520,0.00002591,4189104.30000000,1686787199999,109.73307485,17288,2257420.80000000,59.16530448,0
2023-06-15,0.00002590,0.00002626,0.00002493,0.00002538,2124876.40000000,1686873599999,54.17245035,8855,946286.40000000,24.11049248,0
2023-06-16,0.00002536,0.00002733,0.00002464,0.00002685,3067167.70000000,1686959999999,79.90221522,11228,1683872.60000000,44.06129368,0
2023-06-17,0.00002683,0.00002947,0.00002674,0.00002843,5627589.00000000,1687046399999,158.85407329,20640,3196849.60000000,90.13482315,0
2023-06-18,0.00002840,0.00002987,0.00002698,0.00002736,3954376.20000000,1687132799999,113.44069888,14612,2125785.00000000,60.90973921,0
2023-06-19,0.00002733,0.00002959,0.00002692,0.00002924,3895759.10000000,1687219199999,111.74206946,13931,1835477.50000000,52.53408357,0
2023-06-20,0.00002921,0.00003017,0.00002781,0.00002892,4721040.30000000,1687305599999,136.67649509,16551,2337440.20000000,67.58549082,0
2023-06-21,0.00002889,0.00002940,0.00002639,0.00002771,6342852.90000000,1687391999999,174.06946759,18299,3536027.10000000,96.58303821,0
2023-06-22,0.00002771,0.00002950,0.00002633,0.00002686,4438475.80000000,1687478399999,122.95449385,14846,2164531.90000000,59.96311708,0
2023-06-23,0.00002689,0.00002706,0.00002590,0.00002602,3816513.40000000,1687564799999,100.81843495,10142,2327087.00000000,61.48740838,0
2023-06-24,0.00002601,0.00002601,0.00002387,0.00002464,2398847.20000000,1687651199999,59.72300385,7325,1534021.40000000,38.03157269,0
2023-06-25,0.00002466,0.00002537,0.00002426,0.00002445,1506347.40000000,1687737599999,37.32387690,5589,655244.60000000,16.20883706,0
2023-06-26,0.00002445,0.00002491,0.00002363,0.00002400,2049071.00000000,1687823999999,49.97169013,7675,1062390.00000000,25.89445110,0
2023-06-27,0.00002400,0.00002489,0.00002297,0.00002347,1761892.80000000,1687910399999,41.89293139,6138,849489.10000000,20.11773820,0
2023-06-28,0.00002346,0.00002346,0.00002133,0.00002207,2136625.30000000,1687996799999,47.72049476,5248,1290398.60000000,28.79762002,0
2023-06-29,0.00002205,0.00002331,0.00002188,0.00002235,3443093.30000000,1688083199999,77.73260232,6700,1676460.50000000,37.78724333,0
2023-06-30,0.00002235,0.00002291,0.00002119,0.00002258,2845360.80000000,1688169599999,63.74746094,6503,1287986.30000000,28.74235994,0
2023-07-01,0.00002264,0.00002265,0.00002192,0.00002253,792576.70000000,1688255999999,17.65719868,2443,369282.80000000,8.23856934,0
2023-07-02,0.00002255,0.00002267,0.00002187,0.00002254,1207809.40000000,1688342399999,26.71584187,2986,587935.00000000,13.01480040,0
2023-07-03,0.00002252,0.00002335,0.00002230,0.00002241,3563180.10000000,1688428799999,80.80708744,6752,1958594.20000000,44.35792404,0
2023-07-04,0.00002246,0.00002378,0.00002216,0.00002227,2118676.90000000,1688515199999,48.46407741,5344,1024044.50000000,23.40699923,0
2023-07-05,0.00002227,0.00002242,0.00002125,0.00002170,1991486.40000000,1688601599999,43.42838226,3991,1030131.80000000,22.43285897,0
2023-07-06,0.00002168,0.00002235,0.00002120,0.00002169,1402475.40000000,1688687999999,30.44656971,2471,741629.50000000,16.04709408,0
2023-07-07,0.00002170,0.00002192,0.00002143,0.00002178,586968.40000000,1688774399999,12.72367127,2345,274176.40000000,5.94327366,0
2023-07-08,0.00002180,0.00002206,0.00002133,0.00002156,1000626.10000000,1688860799999,21.77899845,1406,519228.40000000,11.26564319,0
2023-07-09,0.00002157,0.00002198,0.00002148,0.00002187,317159.70000000,1688947199999,6.89860229,1237,173481.20000000,3.77592528,0
2023-07-10,0.00002183,0.00002183,0.00002090,0.00002155,1056243.90000000,1689033599999,22.51193617,1702,543460.40000000,11.57193134,0
2023-07-11,0.00002153,0.00002197,0.00002116,0.00002141,569055.70000000,1689119999999,12.23507795,1274,294284.30000000,6.30160729,0
2023-07-12,0.00002143,0.00002239,0.00002127,0.00002159,1391867.00000000,1689206399999,30.39436165,2762,657868.80000000,14.40497740,0
2023-07-13,0.00002158,0.00002282,0.00002141,0.00002221,2611572.10000000,1689292799999,57.67169315,5857,982134.80000000,21.60198824,0
2023-07-14,0.00002222,0.00002441,0.00002193,0.00002245,2409494.00000000,1689379199999,54.85947168,7270,1040209.50000000,23.67079680,0
2023-07-15,0.00002246,0.00002301,0.00002206,0.00002253,394359.00000000,1689465599999,8.89556032,2358,150151.60000000,3.38550558,0
2023-07-16,0.00002254,0.00002288,0.00002201,0.00002225,581870.90000000,1689551999999,13.11644769,3135,330940.40000000,7.45828481,0
2023-07-17,0.00002224,0.00002418,0.00002203,0.00002389,2053105.20000000,1689638399999,47.99318860,7189,931558.40000000,21.78590073,0
2023-07-18,0.00002389,0.00002602,0.00002357,0.00002466,6960652.40000000,1689724799999,173.14169298,21327,3308088.00000000,82.31207113,0
2023-07-19,0.00002465,0.00002585,0.00002353,0.00002375,2209792.30000000,1689811199999,53.59688206,6794,1135167.80000000,27.58230604,0
2023-07-20,0.00002372,0.00002406,0.00002294,0.00002307,1154648.30000000,1689897599999,27.21572659,3486,581368.40000000,13.70882352,0
2023-07-21,0.00002307,0.00002326,0.00002257,0.00002288,325843.30000000,1689983999999,7.45856012,2614,153090.20000000,3.51075234,0
2023-07-22,0.00002286,0.00002362,0.00002282,0.00002327,653874.80000000,1690070399999,15.19457512,3472,339469.00000000,7.88284352,0
2023-07-23,0.00002328,0.00002359,0.00002249,0.00002257,454768.40000000,1690156799999,10.46760156,2617,226814.80000000,5.19511182,0
2023-07-24,0.00002254,0.00002261,0.00002100,0.00002183,1089848.30000000,1690243199999,23.69075315,3096,578935.30000000,12.57119915,0
2023-07-25,0.00002180,0.00002234,0.00002142,0.00002179,924282.70000000,1690329599999,20.23828816,2976,422176.50000000,9.23078292,0
2023-07-26,0.00002180,0.00002186,0.00002104,0.00002165,1028136.90000000,1690415999999,22.02587284,3334,686811.90000000,14.69133005,0
2023-07-27,0.00002161,0.00002201,0.00002145,0.00002156,858831.20000000,1690502399999,18.69466955,3099,370037.40000000,8.05426560,0
2023-07-28,0.00002159,0.00002190,0.00002144,0.00002149,577715.10000000,1690588799999,12.49405702,1368,360732.10000000,7.80239566,0
2023-07-29,0.00002148,0.00002183,0.00002136,0.00002177,179647.10000000,1690675199999,3.87665415,693,128679.00000000,2.77799877,0
2023-07-30,0.00002174,0.00002180,0.00002061,0.00002119,493976.80000000,1690761599999,10.49561408,2109,312505.50000000,6.63362027,0
2023-07-31,0.00002118,0.00002168,0.00002087,0.00002161,802609.80000000,1690847999999,17.09646992,2977,498430.00000000,10.60322855,0
2023-08-01,0.00002158,0.00002225,0.00002117,0.00002177,1322416.40000000,1690934399999,28.79031432,5354,636597.70000000,13.85669627,0
2023-08-02,0.00002176,0.00002182,0.00002096,0.00002103,1062215.10000000,1691020799999,22.69887360,4176,846610.00000000,18.08742565,0
2023-08-03,0.00002102,0.00002118,0.00002003,0.00002032,1762615.70000000,1691107199999,36.06380069,3665,1012346.70000000,20.71315796,0
2023-08-04,0.00002031,0.00002056,0.00002011,0.00002035,768898.50000000,1691193599999,15.64453381,2381,396729.70000000,8.07164833,0
2023-08-05,0.00002037,0.00002038,0.00002001,0.00002038,377824.70000000,1691279999999,7.63655493,1238,215544.00000000,4.35912841,0
2023-08-06,0.00002034,0.00002093,0.00002030,0.00002037,2015230.40000000,1691366399999,41.53839043,5535,680567.20000000,14.01088071,0
2023-08-07,0.00002041,0.00002053,0.00001948,0.00001995,1068556.10000000,1691452799999,21.52731176,3951,580713.40000000,11.67805585,0
2023-08-08,0.00001995,0.00002016,0.00001971,0.00001996,1003993.20000000,1691539199999,20.04188566,3736,468619.10000000,9.35828675,0
2023-08-09,0.00001997,0.00002093,0.00001992,0.00002011,1247632.50000000,1691625599999,25.38151715,5256,637399.60000000,12.99042138,0
2023-08-10,0.00002010,0.00002058,0.00001993,0.00002054,630062.50000000,1691711999999,12.74804936,2877,355816.10000000,7.20808561,0
2023-08-11,0.00002055,0.00002096,0.00002032,0.00002056,335513.70000000,1691798399999,6.92430276,3082,200384.80000000,4.13664793,0
2023-08-12,0.00002055,0.00002087,0.00002048,0.00002063,209407.00000000,1691884799999,4.32413948,1424,104400.70000000,2.15683885,0
2023-08-13,0.00002063,0.00002088,0.00002029,0.00002042,298769.20000000,1691971199999,6.14225701,2413,134543.30000000,2.76334608,0
2023-08-14,0.00002039,0.00002047,0.00002016,0.00002039,409767.50000000,1692057599999,8.32590577,1595,208881.10000000,4.24840664,0
2023-08-15,0.00002036,0.00002047,0.00001798,0.00001922,1134697.60000000,1692143999999,22.11639318,3803,632008.70000000,12.30403866,0
2023-08-16,0.00001922,0.00001978,0.00001768,0.00001837,3571693.60000000,1692230399999,68.17638588,7333,1955147.60000000,37.38690950,0
2023-08-17,0.00001836,0.00001880,0.00001746,0.00001784,2566679.90000000,1692316799999,46.95317892,6103,1494791.70000000,27.41264577,0
2023-08-18,0.00001785,0.00001876,0.00001761,0.00001857,2509911.70000000,1692403199999,44.96059790,3279,1340098.50000000,24.00289927,0
2023-08-19,0.00001856,0.00002160,0.00001854,0.00002143,3580658.30000000,1692489599999,73.12189454,8356,1987709.30000000,40.68678990,0
2023-08-20,0.00002145,0.00002197,0.00002050,0.00002076,2621798.30000000,1692575999999,55.78906935,7323,1362352.80000000,29.05237017,0
2023-08-21,0.00002073,0.00002094,0.00001935,0.00001969,853037.50000000,1692662399999,17.12768212,3297,375683.80000000,7.55078071,0
2023-08-22,0.00001970,0.00002143,0.00001936,0.00002057,2478134.90000000,1692748799999,50.84173457,6807,1276464.50000000,26.22931653,0
2023-08-23,0.00002058,0.00002364,0.00002056,0.00002276,4322016.20000000,1692835199999,96.14531050,10489,2350259.30000000,52.28654920,0
2023-08-24,0.00002277,0.00002343,0.00002143,0.00002187,3307125.20000000,1692921599999,74.10497945,7423,1914683.30000000,43.09545462,0
2023-08-25,0.00002187,0.00002187,0.00002051,0.00002136,1525081.10000000,1693007999999,32.13099258,4735,836203.10000000,17.59642754,0
2023-08-26,0.00002138,0.00002319,0.00002098,0.00002259,2962193.80000000,1693094399999,66.49992728,8622,1796720.50000000,40.35038529,0
2023-08-27,0.00002257,0.00002290,0.00002205,0.00002234,894096.40000000,1693180799999,19.97921626,2697,485565.10000000,10.85177900,0
2023-08-28,0.00002233,0.00002233,0.00002062,0.00002099,1379464.40000000,1693267199999,29.06902271,4197,860044.60000000,18.09628968,0
2023-08-29,0.00002095,0.00002113,0.00001901,0.00001968,1964020.40000000,1693353599999,38.86453882,4998,1145705.20000000,22.62815900,0
2023-08-30,0.00001967,0.00001970,0.00001903,0.00001925,1033920.20000000,1693439999999,19.91253904,3160,785381.70000000,15.13085802,0
2023-08-31,0.00001924,0.00001942,0.00001849,0.00001929,600865.60000000,1693526399999,11.36661585,2608,383297.40000000,7.24429516,0
2023-09-01,0.00001929,0.00001980,0.00001877,0.00001895,451030.40000000,1693612799999,8.71114781,2148,239032.90000000,4.62403330,0
2023-09-02,0.00001893,0.00001954,0.00001872,0.00001899,410118.80000000,1693699199999,7.81791850,1999,260360.60000000,4.95764214,0
2023-09-03,0.00001896,0.00001941,0.00001831,0.00001863,889304.00000000,1693785599999,16.65366680,2538,633199.00000000,11.83394308,0
2023-09-04,0.00001866,0.00001919,0.00001842,0.00001869,777012.30000000,1693871999999,14.54690994,3156,400180.20000000,7.48845038,0
2023-09-05,0.00001871,0.00001912,0.00001826,0.00001903,409458.50000000,1693958399999,7.61621502,2655,208845.20000000,3.88802311,0
2023-09-06,0.00001903,0.00001923,0.00001845,0.00001869,967410.40000000,1694044799999,18.16412604,3564,540509.70000000,10.12909694,0
2023-09-07,0.00001870,0.00001883,0.00001840,0.00001852,476981.90000000,1694131199999,8.88873617,1313,308483.40000000,5.75213733,0
2023-09-08,0.00001849,0.00001873,0.00001834,0.00001860,398439.90000000,1694217599999,7.37825085,1123,165941.80000000,3.07311833,0
2023-09-09,0.00001856,0.00001876,0.00001846,0.00001858,113021.00000000,1694303999999,2.09955484,590,37450.60000000,0.69680390,0
2023-09-10,0.00001856,0.00001858,0.00001737,0.00001761,753582.50000000,1694390399999,13.44340158,2757,333357.20000000,5.94293613,0
2023-09-11,0.00001762,0.00001762,0.00001650,0.00001695,1042796.90000000,1694476799999,17.73692196,2746,784583.40000000,13.32269138,0
2023-09-12,0.00001695,0.00001759,0.00001629,0.00001656,2073492.80000000,1694563199999,35.10489941,3802,1354130.00000000,22.78795766,0
2023-09-13,0.00001656,0.00001704,0.00001619,0.00001687,791308.80000000,1694649599999,13.20085875,2134,363267.90000000,6.04162305,0
2023-09-14,0.00001690,0.00001708,0.00001644,0.00001675,1472873.90000000,1694735999999,24.57297564,2117,704556.30000000,11.72737761,0
2023-09-15,0.00001680,0.00001681,0.00001631,0.00001675,704436.20000000,1694822399999,11.67913110,1414,408814.80000000,6.76704215,0
2023-09-16,0.00001679,0.00001758,0.00001675,0.00001757,638208.50000000,1694908799999,10.97362469,2394,322787.20000000,5.55354775,0
2023-09-17,0.00001757,0.00001757,0.00001607,0.00001640,446740.50000000,1694995199999,7.42639754,1646,226522.20000000,3.77111036,0
2023-09-18,0.00001637,0.00001687,0.00001614,0.00001673,601912.90000000,1695081599999,9.98856017,1679,201432.60000000,3.31788275,0
2023-09-19,0.00001674,0.00001702,0.00001645,0.00001670,427805.00000000,1695167999999,7.12712502,1293,246294.80000000,4.10020381,0
2023-09-20,0.00001670,0.00001670,0.00001625,0.00001647,237611.60000000,1695254399999,3.89520672,981,103490.10000000,1.69581092,0
2023-09-21,0.00001648,0.00001691,0.00001630,0.00001653,714024.20000000,1695340799999,11.78937640,2088,372300.90000000,6.14717148,0
2023-09-22,0.00001657,0.00001676,0.00001639,0.00001675,238024.10000000,1695427199999,3.95040058,1036,130625.80000000,2.16568998,0
2023-09-23,0.00001675,0.00001697,0.00001655,0.00001676,285664.50000000,1695513599999,4.78622009,1400,188762.10000000,3.16240761,0
2023-09-24,0.00001678,0.00001747,0.00001656,0.00001668,1147464.00000000,1695599999999,19.46278363,3287,526288.20000000,8.93324661,0
2023-09-25,0.00001673,0.00001708,0.00001662,0.00001683,532728.00000000,1695686399999,8.95647406,1766,359634.10000000,6.05428561,0
2023-09-26,0.00001682,0.00001691,0.00001662,0.00001672,297865.60000000,1695772799999,4.99931334,1144,117006.40000000,1.96121754,0
2023-09-27,0.00001671,0.00001678,0.00001638,0.00001658,307757.90000000,1695859199999,5.09699428,1117,165694.50000000,2.74060860,0
2023-09-28,0.00001656,0.00001666,0.00001637,0.00001655,338620.40000000,1695945599999,5.59597761,1011,161446.90000000,2.66836876,0
2023-09-29,0.00001658,0.00001840,0.00001642,0.00001780,1954925.80000000,1696031999999,34.55989654,5722,1123467.20000000,19.89406766,0
2023-09-30,0.00001779,0.00001804,0.00001718,0.00001743,490447.60000000,1696118399999,8.56956062,2220,209187.60000000,3.66162505,0
2023-10-01,0.00001743,0.00001823,0.00001721,0.00001811,894212.00000000,1696204799999,15.88595480,3523,313893.40000000,5.59069438,0
2023-10-02,0.00001811,0.00001812,0.00001664,0.00001694,383227.80000000,1696291199999,6.59348492,1867,167309.00000000,2.88198473,0
2023-10-03,0.00001694,0.00001705,0.00001609,0.00001619,1136302.90000000,1696377599999,18.74017449,3059,640636.90000000,10.55701673,0
2023-10-04,0.00001619,0.00001624,0.00001563,0.00001591,578846.90000000,1696463999999,9.25773474,1912,301674.30000000,4.82240531,0
2023-10-05,0.00001591,0.00001606,0.00001576,0.00001583,1157547.50000000,1696550399999,18.43190019,2148,445820.60000000,7.09625658,0
2023-10-06,0.00001585,0.00001610,0.00001566,0.00001586,291233.40000000,1696636799999,4.63674709,875,123124.80000000,1.95718402,0
2023-10-07,0.00001588,0.00001644,0.00001573,0.00001581,862677.50000000,1696723199999,13.75145002,1953,620271.90000000,9.86480733,0
2023-10-08,0.00001582,0.00001587,0.00001565,0.00001569,142344.40000000,1696809599999,2.23761155,609,88052.20000000,1.38487977,0
2023-10-09,0.00001567,0.00001569,0.00001460,0.00001509,1069229.20000000,1696895999999,16.12538683,2334,669948.80000000,10.10161792,0
2023-10-10,0.00001509,0.00001520,0.00001495,0.00001517,134848.90000000,1696982399999,2.03494925,488,72589.70000000,1.09585423,0
2023-10-11,0.00001520,0.00001537,0.00001492,0.00001527,264706.50000000,1697068799999,4.00440079,791,97827.60000000,1.47861241,0
2023-10-12,0.00001524,0.00001539,0.00001503,0.00001523,135426.20000000,1697155199999,2.05744777,898,79789.90000000,1.21222133,0
2023-10-13,0.00001522,0.00001582,0.00001515,0.00001539,276667.80000000,1697241599999,4.27667133,1021,134828.60000000,2.09010340,0
2023-10-14,0.00001537,0.00001561,0.00001532,0.00001549,115896.00000000,1697327999999,1.79387091,608,89452.90000000,1.38418376,0
2023-10-15,0.00001548,0.00001549,0.00001506,0.00001511,613230.40000000,1697414399999,9.32734206,1544,398053.50000000,6.05589914,0
2023-10-16,0.00001511,0.00001536,0.00001416,0.00001440,1141852.50000000,1697500799999,16.69060081,2319,736056.50000000,10.77040173,0
2023-10-17,0.00001439,0.00001458,0.00001312,0.00001340,1275257.80000000,1697587199999,17.58935300,3322,861785.50000000,11.91997466,0
2023-10-18,0.00001341,0.00001375,0.00001283,0.00001352,670628.40000000,1697673599999,8.91286185,2197,396062.60000000,5.26952695,0
2023-10-19,0.00001350,0.00001350,0.00001273,0.00001291,976800.60000000,1697759999999,12.84324422,2044,433931.80000000,5.67116830,0
2023-10-20,0.00001290,0.00001316,0.00001262,0.00001290,795342.00000000,1697846399999,10.26643943,1945,346804.60000000,4.48681880,0
2023-10-21,0.00001290,0.00001334,0.00001286,0.00001307,1297726.60000000,1697932799999,17.06666034,2043,650012.00000000,8.54107984,0
2023-10-22,0.00001305,0.00001398,0.00001295,0.00001347,1379591.90000000,1698019199999,18.59080854,2415,605270.40000000,8.17956875,0
2023-10-23,0.00001347,0.00001367,0.00001203,0.00001274,1181696.90000000,1698105599999,15.12502005,3415,504910.00000000,6.47515761,0
2023-10-24,0.00001271,0.00001339,0.00001238,0.00001280,3787557.90000000,1698191999999,48.42627753,7815,1284410.70000000,16.50890540,0
2023-10-25,0.00001280,0.00001293,0.00001229,0.00001264,1676120.50000000,1698278399999,21.15209170,4447,860861.50000000,10.83856954,0
2023-10-26,0.00001267,0.00001332,0.00001234,0.00001288,1227336.60000000,1698364799999,15.66812424,3726,492127.10000000,6.26345032,0
2023-10-27,0.00001284,0.00001335,0.00001257,0.00001271,611916.10000000,1698451199999,7.90023240,3867,293644.30000000,3.79893465,0
2023-10-28,0.00001271,0.00001398,0.00001271,0.00001371,1488930.00000000,1698537599999,20.14180816,7073,761097.20000000,10.27807293,0
2023-10-29,0.00001371,0.00001378,0.00001309,0.00001312,605451.90000000,1698623999999,8.10369910,2015,391219.20000000,5.24138842,0
2023-10-30,0.00001312,0.00001373,0.00001295,0.00001343,881836.70000000,1698710399999,11.73127205,2989,455532.20000000,6.05409423,0
2023-10-31,0.00001344,0.00001375,0.00001231,0.00001278,1312719.80000000,1698796799999,17.08076451,3683,625125.20000000,8.10463167,0
2023-11-01,0.00001278,0.00001361,0.00001240,0.00001313,1048453.40000000,1698883199999,13.57493824,3208,557241.10000000,7.24226452,0
2023-11-02,0.00001315,0.00001351,0.00001284,0.00001312,1251807.90000000,1698969599999,16.48559557,2820,586808.10000000,7.71984560,0
2023-11-03,0.00001310,0.00001313,0.00001266,0.00001311,419537.40000000,1699055999999,5.40235191,1222,209893.80000000,2.69763891,0
2023-11-04,0.00001306,0.00001490,0.00001302,0.00001444,1374782.00000000,1699142399999,19.06286713,2902,633767.80000000,8.85478831,0
2023-11-05,0.00001444,0.00001495,0.00001385,0.00001431,1311104.50000000,1699228799999,18.82146051,2804,520350.50000000,7.49339048,0
2023-11-06,0.00001422,0.00001529,0.00001400,0.00001508,1345153.80000000,1699315199999,19.67116510,3448,710794.30000000,10.40866941,0
2023-11-07,0.00001503,0.00001512,0.00001422,0.00001482,1474464.30000000,1699401599999,21.75194317,2832,555822.90000000,8.17061573,0
2023-11-08,0.00001479,0.00001696,0.00001467,0.00001626,2808599.90000000,1699487999999,44.62798476,11999,1570408.20000000,24.93053815,0
2023-11-09,0.00001622,0.00001651,0.00001332,0.00001533,3534502.50000000,1699574399999,54.51525837,12619,1816010.40000000,27.97764827,0
2023-11-10,0.00001528,0.00001673,0.00001447,0.00001634,1924622.70000000,1699660799999,30.04688312,9204,1052267.10000000,16.40792521,0
2023-11-11,0.00001635,0.00001643,0.00001539,0.00001594,1791415.20000000,1699747199999,28.58863119,8553,915878.10000000,14.61849856,0
2023-11-12,0.00001594,0.00001738,0.00001520,0.00001667,2868247.70000000,1699833599999,47.29467020,11022,1444871.00000000,23.78460506,0
2023-11-13,0.00001667,0.00001791,0.00001635,0.00001648,3509962.30000000,1699919999999,60.19023189,12072,1676630.40000000,28.67956136,0
2023-11-14,0.00001648,0.00001720,0.00001544,0.00001593,1936123.70000000,1700006399999,31.58027156,7691,1072222.20000000,17.47563395,0
2023-11-15,0.00001593,0.00001694,0.00001580,0.00001634,1726457.90000000,1700092799999,28.13452033,5513,818968.20000000,13.32923511,0
2023-11-16,0.00001636,0.00001709,0.00001534,0.00001564,2462565.10000000,1700179199999,39.51139410,9534,1456985.90000000,23.27527242,0
2023-11-17,0.00001561,0.00001603,0.00001458,0.00001513,1732142.10000000,1700265599999,26.24673334,6638,892407.50000000,13.52736037,0
2023-11-18,0.00001511,0.00001543,0.00001421,0.00001491,918710.60000000,1700351999999,13.67379380,3908,427789.60000000,6.36624817,0
2023-11-19,0.00001492,0.00001512,0.00001451,0.00001512,1073391.40000000,1700438399999,15.95234578,5467,456848.00000000,6.77518770,0
2023-11-20,0.00001502,0.00001545,0.00001457,0.00001480,992171.90000000,1700524799999,14.96115877,4066,621123.00000000,9.35574981,0
2023-11-21,0.00001480,0.00001558,0.00001372,0.00001406,2174853.30000000,1700611199999,31.90194164,6359,1206259.00000000,17.68075670,0
2023-11-22,0.00001403,0.00001503,0.00001402,0.00001487,795178.10000000,1700697599999,11.61297600,3012,451582.30000000,6.61044701,0
2023-11-23,0.00001488,0.00001594,0.00001478,0.00001577,3166116.30000000,1700783999999,49.37064611,8205,1524145.40000000,23.71322795,0
2023-11-24,0.00001578,0.00001707,0.00001558,0.00001665,2196652.40000000,1700870399999,36.07448993,7965,1223744.30000000,20.04115077,0
2023-11-25,0.00001663,0.00001825,0.00001649,0.00001735,3074773.90000000,1700956799999,53.91314237,11055,1585259.60000000,27.81740131,0
2023-11-26,0.00001735,0.00001773,0.00001631,0.00001695,1981948.10000000,1701043199999,33.61033834,7074,833154.60000000,14.14022801,0
2023-11-27,0.00001695,0.00001725,0.00001566,0.00001594,1438707.30000000,1701129599999,23.11400681,5288,577709.10000000,9.29506047,0
2023-11-28,0.00001593,0.00001652,0.00001529,0.00001635,1459589.40000000,1701215999999,23.48378501,5441,672836.60000000,10.77505209,0
2023-11-29,0.00001634,0.00001643,0.00001536,0.00001589,1519883.30000000,1701302399999,24.01656828,4544,642852.30000000,10.17098320,0
2023-11-30,0.00001585,0.00001710,0.00001558,0.00001582,2131635.20000000,1701388799999,34.78290358,7216,820965.40000000,13.36255585,0
2023-12-01,0.00001583,0.00001627,0.00001570,0.00001585,750614.70000000,1701475199999,11.97834637,3797,458020.80000000,7.30765856,0
2023-12-02,0.00001586,0.00001615,0.00001562,0.00001585,1258021.70000000,1701561599999,19.97222647,3948,736210.00000000,11.66866573,0
2023-12-03,0.00001585,0.00001595,0.00001511,0.00001542,749380.10000000,1701647999999,11.61849669,3777,366543.00000000,5.69025442,0
2023-12-04,0.00001537,0.00001565,0.00001334,0.00001498,2020439.90000000,1701734399999,29.56291099,8374,1093396.70000000,15.95047105,0
2023-12-05,0.00001499,0.00001574,0.00001425,0.00001462,2078628.20000000,1701820799999,31.02957474,6453,1172304.30000000,17.49056508,0
2023-12-06,0.00001461,0.00001568,0.00001391,0.00001418,1596258.50000000,1701907199999,23.06624333,5680,796106.60000000,11.49202729,0
2023-12-07,0.00001418,0.00001582,0.00001401,0.00001553,2433310.90000000,1701993599999,36.24490270,12074,1114979.60000000,16.60642765,0
2023-12-08,0.00001552,0.00001631,0.00001544,0.00001593,1614317.30000000,1702079999999,25.52720065,6763,777588.50000000,12.29469956,0
2023-12-09,0.00001592,0.00001651,0.00001539,0.00001551,1217360.50000000,1702166399999,19.38281687,5203,633288.20000000,10.07552700,0
2023-12-10,0.00001556,0.00001630,0.00001531,0.00001580,838163.90000000,1702252799999,13.21030482,3787,517975.30000000,8.16339570,0
2023-12-11,0.00001578,0.00001649,0.00001489,0.00001523,1677051.00000000,1702339199999,26.09747979,6487,766607.90000000,11.88880359,0
2023-12-12,0.00001525,0.00001593,0.00001505,0.00001589,2023086.80000000,1702425599999,31.37197250,6815,722518.70000000,11.19586919,0
2023-12-13,0.00001590,0.00001604,0.00001486,0.00001524,841048.80000000,1702511999999,12.84818475,4476,447225.70000000,6.82185572,0
2023-12-14,0.00001525,0.00001557,0.00001503,0.00001522,1251337.50000000,1702598399999,19.09906339,5235,671991.70000000,10.26292775,0
2023-12-15,0.00001520,0.00001529,0.00001467,0.00001472,1116056.20000000,1702684799999,16.79243930,4252,644823.00000000,9.71350574,0
2023-12-16,0.00001471,0.00001524,0.00001439,0.00001496,541024.90000000,1702771199999,8.05958883,2808,220797.80000000,3.28647084,0
2023-12-17,0.00001496,0.00001506,0.00001450,0.00001475,898508.10000000,1702857599999,13.30167181,2609,590817.00000000,8.75897627,0
2023-12-18,0.00001475,0.00001495,0.00001389,0.00001432,724900.60000000,1702943999999,10.41037512,3202,375860.90000000,5.40572362,0
2023-12-19,0.00001431,0.00001700,0.00001412,0.00001604,4695457.00000000,1703030399999,74.47857896,14889,2460498.80000000,39.49932567,0
2023-12-20,0.00001608,0.00001740,0.00001526,0.00001575,4891676.70000000,1703116799999,78.76329595,16542,2543169.30000000,40.97488235,0
2023-12-21,0.00001575,0.00001648,0.00001537,0.00001568,2212710.60000000,1703203199999,35.20020646,8803,1128354.50000000,17.97867733,0
2023-12-22,0.00001568,0.00001596,0.00001502,0.00001581,1611293.80000000,1703289599999,25.05477524,7186,744534.90000000,11.57517489,0
2023-12-23,0.00001579,0.00001735,0.00001575,0.00001724,3750158.10000000,1703375999999,62.21336365,13756,1847427.50000000,30.59073391,0
2023-12-24,0.00001724,0.00001749,0.00001628,0.00001662,2136105.70000000,1703462399999,35.75062865,8247,1246486.80000000,20.88974314,0
2023-12-25,0.00001661,0.00001901,0.00001654,0.00001875,3470336.40000000,1703548799999,62.05334747,14541,1801503.50000000,32.29406753,0
2023-12-26,0.00001875,0.00002140,0.00001858,0.00002077,6339744.00000000,1703635199999,127.11244240,27635,3071736.40000000,61.54965430,0
2023-12-27,0.00002082,0.00002168,0.00001895,0.00001911,2982196.50000000,1703721599999,60.13441476,12333,1633389.60000000,33.02681735,0
2023-12-28,0.00001909,0.00002005,0.00001823,0.00001870,2725998.30000000,1703807999999,52.04989870,10464,1330705.50000000,25.45062764,0
2023-12-29,0.00001872,0.00001969,0.00001803,0.00001915,2964846.90000000,1703894399999,56.32422065,9783,1507038.10000000,28.65031663,0
2023-12-30,0.00001914,0.00001942,0.00001836,0.00001917,1860078.70000000,1703980799999,35.08023884,5405,1130759.80000000,21.32343798,0
2023-12-31,0.00001919,0.00001961,0.00001815,0.00001833,1692070.40000000,1704067199999,32.26653211,4784,951063.40000000,18.14444724,0
2024-01-01,0.00001833,0.00001953,0.00001789,0.00001906,1386204.10000000,1704153599999,25.86614968,4944,698545.80000000,13.05446233,0
2024-01-02,0.00001909,0.00002071,0.00001862,0.00002012,2609245.80000000,1704239999999,51.13321079,8685,1186233.40000000,23.22626647,0
2024-01-03,0.00002015,0.00002095,0.00001640,0.00001968,3070984.20000000,1704326399999,58.78706832,10943,1703127.30000000,32.55249712,0
2024-01-04,0.00001972,0.00002018,0.00001877,0.00001934,1755883.50000000,1704412799999,33.94574394,7863,771661.90000000,14.94484009,0
2024-01-05,0.00001935,0.00002042,0.00001761,0.00002036,2535067.20000000,1704499199999,47.96692437,8340,991679.30000000,18.82518524,0
2024-01-06,0.00002036,0.00002057,0.00001858,0.00001894,2368004.40000000,1704585599999,46.56392571,6036,1064955.40000000,20.96032558,0
2024-01-07,0.00001889,0.00001954,0.00001808,0.00001826,1864151.50000000,1704671999999,35.14056010,4216,703320.10000000,13.25263555,0
2024-01-08,0.00001822,0.00001935,0.00001667,0.00001833,3797944.90000000,1704758399999,67.30431516,6712,1819106.70000000,32.20928202,0
2024-01-09,0.00001832,0.00001858,0.00001658,0.00001735,1327958.80000000,1704844799999,23.41839571,3635,741391.30000000,13.07471782,0
2024-01-10,0.00001729,0.00001841,0.00001699,0.00001800,1697682.90000000,1704931199999,29.91544694,3797,669089.70000000,11.77518451,0
2024-01-11,0.00001810,0.00002455,0.00001791,0.00002355,7478906.40000000,1705017599999,160.34591957,23162,3472880.80000000,74.36286308,0
2024-01-12,0.00002353,0.00002753,0.00002274,0.00002728,7902862.70000000,1705103999999,201.24528868,27308,3926182.40000000,100.14752355,0
2024-01-13,0.00002732,0.00003163,0.00002634,0.00003008,6586082.10000000,1705190399999,195.50956737,26053,3502219.50000000,103.97092939,0
2024-01-14,0.00003014,0.00003154,0.00002881,0.00002996,2644372.40000000,1705276799999,78.91651218,12499,1235638.30000000,36.87049820,0
2024-01-15,0.00003011,0.00003402,0.00002975,0.00003223,5069566.90000000,1705363199999,165.00184601,22325,2370923.20000000,77.19514405,0
2024-01-16,0.00003223,0.00003282,0.00002878,0.00002946,2515495.70000000,1705449599999,76.71547182,11602,1309411.10000000,39.92034433,0
2024-01-17,0.00002944,0.00003140,0.00002808,0.00003029,2376882.70000000,1705535999999,70.72209639,16974,1341585.10000000,39.90004024,0
2024-01-18,0.00003027,0.00003147,0.00002728,0.00002803,4154926.70000000,1705622399999,121.07102564,16298,1988021.80000000,57.97359901,0
2024-01-19,0.00002807,0.00002869,0.00002677,0.00002798,2095425.70000000,1705708799999,57.88866020,15574,1146667.80000000,31.70865475,0
2024-01-20,0.00002798,0.00002799,0.00002544,0.00002644,1961251.00000000,1705795199999,51.74544198,10570,1055497.20000000,27.86910957,0
2024-01-21,0.00002640,0.00002708,0.00002539,0.00002552,1335424.40000000,1705881599999,35.22238883,7679,705427.20000000,18.60275682,0
2024-01-22,0.00002554,0.00002807,0.00002443,0.00002712,2304763.40000000,1705967999999,60.38155973,13727,1136849.90000000,29.82304073,0
2024-01-23,0.00002713,0.00003099,0.00002583,0.00002969,5199542.20000000,1706054399999,148.08331499,26686,2849986.80000000,81.11339586,0
2024-01-24,0.00002972,0.00003279,0.00002868,0.00003224,3372047.10000000,1706140799999,104.94975182,18082,1767186.00000000,54.94375460,0
2024-01-25,0.00003224,0.00003229,0.00002928,0.00002949,2348133.20000000,1706227199999,71.96483805,12468,1239610.30000000,38.01763399,0
2024-01-26,0.00002938,0.00003499,0.00002900,0.00003489,3363969.50000000,1706313599999,107.54627241,18555,1843414.70000000,59.13203292,0
2024-01-27,0.00003489,0.00003576,0.00003278,0.00003310,1918844.40000000,1706399999999,65.04859070,9941,1082547.70000000,36.64403111,0
2024-01-28,0.00003309,0.00003507,0.00003144,0.00003172,1785515.50000000,1706486399999,58.50846636,8157,895971.10000000,29.35820356,0
2024-01-29,0.00003165,0.00003676,0.00003164,0.00003610,2810606.80000000,1706572799999,97.71677410,15259,1241335.40000000,43.18767398,0
2024-01-30,0.00003608,0.00003803,0.00003499,0.00003593,2069409.70000000,1706659199999,75.56844733,12019,1089821.80000000,39.91241677,0
2024-01-31,0.00003598,0.00003812,0.00003456,0.00003567,3072824.00000000,1706745599999,112.94056202,16009,1657310.30000000,61.07704644,0
2024-02-01,0.00003567,0.00003681,0.00003387,0.00003541,3273746.50000000,1706831999999,115.26447189,15197,1778064.10000000,62.66153917,0
2024-02-02,0.00003541,0.00003569,0.00003377,0.00003384,1185625.50000000,1706918399999,40.88307171,6524,594105.40000000,20.45534950,0
2024-02-03,0.00003385,0.00003431,0.00003227,0.00003342,1040592.40000000,1707004799999,34.41998128,5621,545385.60000000,18.01645178,0
2024-02-04,0.00003342,0.00003589,0.00003317,0.00003443,1402166.90000000,1707091199999,48.81536391,6384,579178.40000000,20.13916587,0
2024-02-05,0.00003438,0.00003823,0.00003374,0.00003685,2118563.10000000,1707177599999,76.84617159,10965,987672.70000000,35.80742099,0
2024-02-06,0.00003693,0.00003767,0.00003518,0.00003518,1335754.30000000,1707263999999,48.46506365,7110,724139.00000000,26.31498097,0
2024-02-07,0.00003535,0.00003630,0.00003436,0.00003476,1786047.80000000,1707350399999,63.11435215,7635,797870.00000000,28.15408230,0
2024-02-08,0.00003475,0.00003554,0.00003333,0.00003369,1323617.70000000,1707436799999,45.26589628,5156,548273.00000000,18.74280723,0
2024-02-09,0.00003366,0.00003816,0.00003302,0.00003737,2761509.30000000,1707523199999,97.20149114,12571,1016982.60000000,35.91946940,0
2024-02-10,0.00003738,0.00003843,0.00003609,0.00003630,2571731.30000000,1707609599999,95.49505527,11590,1295196.90000000,47.90971375,0
2024-02-11,0.00003636,0.00003722,0.00003495,0.00003510,998402.00000000,1707695999999,35.87802421,5513,528599.00000000,18.98831735,0
2024-02-12,0.00003512,0.00003813,0.00003497,0.00003528,2432210.70000000,1707782399999,87.65293157,12877,1078948.60000000,38.92485999,0
2024-02-13,0.00003530,0.00003769,0.00003471,0.00003734,2032303.30000000,1707868799999,74.15932526,11917,881372.30000000,32.11422653,0
2024-02-14,0.00003734,0.00003819,0.00003655,0.00003681,1762702.60000000,1707955199999,65.72191776,10741,892179.70000000,33.28546507,0
2024-02-15,0.00003679,0.00003720,0.00003518,0.00003591,1461050.20000000,1708041599999,52.88475791,8875,698284.20000000,25.28095071,0
2024-02-16,0.00003592,0.00003620,0.00003375,0.00003466,887358.20000000,1708127999999,30.80548919,6292,480240.70000000,16.66491369,0
2024-02-17,0.00003471,0.00003479,0.00003356,0.00003421,734002.80000000,1708214399999,24.96502160,4127,369292.00000000,12.54622013,0
2024-02-18,0.00003418,0.00003485,0.00003370,0.00003456,1045477.70000000,1708300799999,35.88593334,6177,597798.60000000,20.51032329,0
2024-02-19,0.00003453,0.00003499,0.00003360,0.00003426,862354.90000000,1708387199999,29.59338673,5199,397886.60000000,13.65877662,0
2024-02-20,0.00003426,0.00003430,0.00003144,0.00003284,1456738.00000000,1708473599999,47.75624370,8006,778970.50000000,25.52008735,0
2024-02-21,0.00003285,0.00003360,0.00003186,0.00003264,835187.30000000,1708559999999,27.20031610,5064,357913.70000000,11.66829195,0
2024-02-22,0.00003264,0.00003423,0.00003190,0.00003352,1126636.70000000,1708646399999,37.18284732,6364,493542.90000000,16.23922113,0
2024-02-23,0.00003352,0.00003402,0.00003089,0.00003162,1569126.70000000,1708732799999,50.57238918,7729,892799.00000000,28.56054200,0
2024-02-24,0.00003157,0.00003256,0.00003068,0.00003172,843547.40000000,1708819199999,26.70466954,4833,322788.90000000,10.22834500,0
2024-02-25,0.00003171,0.00003189,0.00003131,0.00003180,464440.80000000,1708905599999,14.69921622,2238,167327.30000000,5.28929720,0
2024-02-26,0.00003177,0.00003203,0.00003053,0.00003066,1220586.00000000,1708991999999,38.07882927,6398,488564.90000000,15.26104161,0
2024-02-27,0.00003066,0.00003066,0.00002782,0.00002831,1324832.50000000,1709078399999,38.40024690,6542,683114.00000000,19.68241301,0
2024-02-28,0.00002831,0.00002896,0.00002274,0.00002536,2461904.80000000,1709164799999,66.03921962,13131,1052302.00000000,28.26561281,0
2024-02-29,0.00002537,0.00002766,0.00002495,0.00002741,2000460.80000000,1709251199999,52.90677553,11439,1006908.00000000,26.61934335,0
2024-03-01,0.00002744,0.00002845,0.00002670,0.00002714,1602332.30000000,1709337599999,43.96824016,7309,816840.80000000,22.38540085,0
2024-03-02,0.00002709,0.00002733,0.00002575,0.00002615,1435680.50000000,1709423999999,37.91972545,7626,668094.30000000,17.64686607,0
2024-03-03,0.00002615,0.00002628,0.00002306,0.00002470,1193943.60000000,1709510399999,30.11740800,6992,638527.00000000,16.14104575,0
2024-03-04,0.00002474,0.00002485,0.00002152,0.00002176,2361261.70000000,1709596799999,53.72525536,10530,1209848.70000000,27.51364927,0
2024-03-05,0.00002178,0.00002437,0.00002000,0.00002192,3579042.60000000,1709683199999,80.55723780,19131,1656174.80000000,37.40542340,0
2024-03-06,0.00002191,0.00002277,0.00002124,0.00002231,2084172.00000000,1709769599999,45.75719260,8965,1083257.70000000,23.79835600,0
2024-03-07,0.00002233,0.00002431,0.00002230,0.00002363,1748144.90000000,1709855999999,40.50494891,8496,904728.30000000,20.95796313,0
2024-03-08,0.00002364,0.00002390,0.00002155,0.00002267,1090896.30000000,1709942399999,24.94188545,5993,547928.40000000,12.53885083,0
2024-03-09,0.00002264,0.00002446,0.00002237,0.00002318,1872985.10000000,1710028799999,43.84313220,7414,878953.00000000,20.53931696,0
2024-03-10,0.00002319,0.00002400,0.00002222,0.00002254,1293151.90000000,1710115199999,29.76859756,6141,681530.30000000,15.71985283,0
2024-03-11,0.00002255,0.00002279,0.00002105,0.00002184,1387366.10000000,1710201599999,30.25613759,6254,691606.30000000,15.07250991,0
2024-03-12,0.00002175,0.00002282,0.00002083,0.00002240,1730595.60000000,1710287999999,37.65784092,7899,774751.70000000,16.87637402,0
2024-03-13,0.00002233,0.00002360,0.00002175,0.00002218,1845239.60000000,1710374399999,41.33441652,8647,845985.80000000,18.98262111,0
2024-03-14,0.00002220,0.00002279,0.00002106,0.00002195,1390622.10000000,1710460799999,30.63908694,7084,595941.90000000,13.06341008,0
2024-03-15,0.00002201,0.00002209,0.00002040,0.00002146,2309613.30000000,1710547199999,48.57638873,10201,1258032.30000000,26.45679266,0
2024-03-16,0.00002149,0.00002503,0.00002131,0.00002501,6481763.40000000,1710633599999,152.92840906,29292,2805343.00000000,66.37136835,0
2024-03-17,0.00002503,0.00002503,0.00002226,0.00002366,2497444.20000000,1710719999999,57.34276395,10527,1226480.20000000,28.13829567,0
2024-03-18,0.00002367,0.00002554,0.00002245,0.00002250,3065769.30000000,1710806399999,74.16164075,14476,1423417.60000000,34.40258602,0
2024-03-19,0.00002250,0.00002700,0.00002212,0.00002658,3631273.10000000,1710892799999,91.41252151,17075,1632323.80000000,40.93990653,0
2024-03-20,0.00002658,0.00002658,0.00002422,0.00002585,3912242.50000000,1710979199999,98.58750391,15473,2119904.50000000,53.39282662,0
2024-03-21,0.00002586,0.00002900,0.00002568,0.00002790,3913222.00000000,1711065599999,108.41935589,20430,1787776.10000000,49.47277968,0
2024-03-22,0.00002782,0.00002859,0.00002670,0.00002715,1472371.00000000,1711151999999,40.53506113,8522,603670.90000000,16.61418267,0
2024-03-23,0.00002714,0.00002714,0.00002538,0.00002571,833601.70000000,1711238399999,21.90713076,5459,367938.40000000,9.64977569,0
2024-03-24,0.00002568,0.00002587,0.00002495,0.00002497,715639.80000000,1711324799999,18.13550615,3998,381869.00000000,9.67454194,0
2024-03-25,0.00002497,0.00002571,0.00002429,0.00002437,907211.90000000,1711411199999,22.65857018,5118,428548.10000000,10.69379928,0
2024-03-26,0.00002438,0.00002718,0.00002420,0.00002699,2079304.90000000,1711497599999,53.95147503,10597,1040838.90000000,27.09198131,0
2024-03-27,0.00002697,0.00003158,0.00002637,0.00002988,5984736.80000000,1711583999999,174.98654432,29457,2692552.60000000,78.90713335,0
2024-03-28,0.00002986,0.00003124,0.00002776,0.00002856,3124359.90000000,1711670399999,90.57236102,13778,1582149.20000000,45.90576795,0
2024-03-29,0.00002854,0.00003048,0.00002723,0.00002725,2669848.50000000,1711756799999,78.24667616,12205,1125149.20000000,32.74498148,0
2024-03-30,0.00002724,0.00002788,0.00002680,0.00002701,934942.10000000,1711843199999,25.60591146,4792,490314.80000000,13.43616146,0
2024-03-31,0.00002703,0.00002743,0.00002657,0.00002686,730509.80000000,1711929599999,19.62065027,3969,343117.40000000,9.21462720,0
2024-04-01,0.00002685,0.00002913,0.00002600,0.00002784,3123368.20000000,1712015999999,87.14708991,13224,1389870.00000000,38.76985458,0
2024-04-02,0.00002785,0.00002895,0.00002643,0.00002647,2251469.40000000,1712102399999,62.02536421,8119,1077735.70000000,29.63920415,0
2024-04-03,0.00002649,0.00002670,0.00002497,0.00002529,1408066.40000000,1712188799999,36.65950136,4551,834291.30000000,21.69534874,0
2024-04-04,0.00002527,0.00002609,0.00002449,0.00002458,783159.90000000,1712275199999,19.80393978,2767,373049.40000000,9.43537943,0
2024-04-05,0.00002458,0.00002458,0.00002322,0.00002370,1059291.20000000,1712361599999,25.20870859,6025,519240.70000000,12.34782238,0
2024-04-06,0.00002369,0.00002417,0.00002353,0.00002358,502607.30000000,1712447999999,11.99265384,4844,192265.00000000,4.58480744,0
2024-04-07,0.00002354,0.00002402,0.00002334,0.00002365,632695.80000000,1712534399999,14.93922741,4682,317282.70000000,7.48401999,0
2024-04-08,0.00002362,0.00002397,0.00002316,0.00002389,763526.70000000,1712620799999,17.92861682,2616,404352.80000000,9.49671049,0
2024-04-09,0.00002386,0.00002395,0.00002275,0.00002277,1097383.90000000,1712707199999,25.42921515,3539,537277.20000000,12.42837594,0
2024-04-10,0.00002276,0.00002289,0.00002145,0.00002154,1255697.50000000,1712793599999,27.62914992,4214,675501.00000000,14.86007684,0
2024-04-11,0.00002152,0.00002191,0.00002113,0.00002127,822146.40000000,1712879999999,17.57514268,2774,342291.00000000,7.33705075,0
2024-04-12,0.00002130,0.00002133,0.00001586,0.00001847,2322285.40000000,1712966399999,43.74411747,7648,1116523.80000000,21.14268876,0
2024-04-13,0.00001846,0.00001858,0.00001467,0.00001660,2862678.20000000,1713052799999,47.39884924,8726,1504850.10000000,24.87142663,0
2024-04-14,0.00001660,0.00001840,0.00001627,0.00001824,2336144.10000000,1713139199999,40.73179622,5349,1181664.00000000,20.61435175,0
2024-04-15,0.00001825,0.00001963,0.00001778,0.00001847,1412479.70000000,1713225599999,26.38325746,4259,686311.40000000,12.84165550,0
2024-04-16,0.00001845,0.00001932,0.00001789,0.00001919,869648.90000000,1713311999999,16.13439967,2808,482490.70000000,8.93084727,0
2024-04-17,0.00001915,0.00002199,0.00001891,0.00002054,1571380.60000000,1713398399999,31.95565849,6206,793957.20000000,16.13376964,0
2024-04-18,0.00002057,0.00002082,0.00001914,0.00001978,751375.50000000,1713484799999,14.95135247,2843,424889.40000000,8.43912149,0
2024-04-19,0.00001976,0.00002165,0.00001904,0.00002090,707585.80000000,1713571199999,14.33689040,3389,362337.00000000,7.33695416,0
2024-04-20,0.00002085,0.00002212,0.00002060,0.00002198,329143.50000000,1713657599999,6.97180518,1585,174020.10000000,3.68457550,0
2024-04-21,0.00002196,0.00002224,0.00002087,0.00002109,404584.80000000,1713743999999,8.64039346,1596,154793.00000000,3.31711971,0
2024-04-22,0.00002116,0.00002182,0.00002077,0.00002080,345407.20000000,1713830399999,7.33761085,1784,175484.60000000,3.73097033,0
2024-04-23,0.00002080,0.00002115,0.00001967,0.00001995,417210.50000000,1713916799999,8.51188622,1512,229371.00000000,4.69655560,0
2024-04-24,0.00001996,0.00002021,0.00001937,0.00001943,558364.30000000,1714003199999,11.08935368,2173,237915.10000000,4.72543650,0
2024-04-25,0.00001944,0.00001959,0.00001882,0.00001898,554154.50000000,1714089599999,10.59079367,1873,299476.10000000,5.71745523,0
2024-04-26,0.00001897,0.00001906,0.00001825,0.00001837,541376.50000000,1714175999999,10.03364615,1711,225637.00000000,4.18141847,0
2024-04-27,0.00001842,0.00001939,0.00001790,0.00001908,233570.40000000,1714262399999,4.39550825,1577,124922.10000000,2.35843699,0
2024-04-28,0.00001906,0.00001975,0.00001902,0.00001928,200266.20000000,1714348799999,3.90433372,985,90150.60000000,1.75923448,0
2024-04-29,0.00001927,0.00001947,0.00001855,0.00001867,255838.80000000,1714435199999,4.89124697,1454,126352.00000000,2.41440699,0
2024-04-30,0.00001867,0.00001913,0.00001780,0.00001886,1080624.40000000,1714521599999,20.02304243,4832,540856.90000000,10.03971150,0
2024-05-01,0.00001882,0.00001982,0.00001845,0.00001966,525152.10000000,1714607999999,10.11856763,3509,292162.40000000,5.63258942,0
2024-05-02,0.00001965,0.00001973,0.00001885,0.00001899,398497.40000000,1714694399999,7.70545389,2161,228995.70000000,4.42914273,0
2024-05-03,0.00001902,0.00001921,0.00001742,0.00001772,780155.30000000,1714780799999,14.00698432,3714,425538.40000000,7.64337355,0
2024-05-04,0.00001769,0.00001772,0.00001697,0.00001708,1031298.70000000,1714867199999,17.78463559,3903,645152.30000000,11.12616653,0
2024-05-05,0.00001707,0.00001745,0.00001668,0.00001711,407569.10000000,1714953599999,6.95151072,2191,179687.20000000,3.04815365,0
2024-05-06,0.00001713,0.00001778,0.00001712,0.00001731,781078.40000000,1715039999999,13.63703196,3769,414498.40000000,7.23313202,0
2024-05-07,0.00001730,0.00001812,0.00001720,0.00001733,543552.90000000,1715126399999,9.54647648,3330,275324.90000000,4.86158707,0
2024-05-08,0.00001730,0.00001732,0.00001639,0.00001652,440624.40000000,1715212799999,7.44095901,2738,260666.30000000,4.40182232,0
2024-05-09,0.00001651,0.00001651,0.00001582,0.00001625,657610.40000000,1715299199999,10.68718517,2755,308208.20000000,5.00944030,0
2024-05-10,0.00001626,0.00001766,0.00001622,0.00001658,818288.80000000,1715385599999,13.88562133,4545,362035.30000000,6.14838894,0
2024-05-11,0.00001656,0.00001691,0.00001631,0.00001631,485214.80000000,1715471999999,8.01076769,3083,275134.00000000,4.54505182,0
2024-05-12,0.00001632,0.00001665,0.00001629,0.00001632,230025.10000000,1715558399999,3.78564037,1272,105707.70000000,1.74092802,0
2024-05-13,0.00001634,0.00001643,0.00001535,0.00001541,453736.20000000,1715644799999,7.11629293,2538,215141.90000000,3.37329572,0
2024-05-14,0.00001538,0.00001548,0.00001446,0.00001456,2356570.30000000,1715731199999,35.25532769,4208,473358.00000000,7.05127912,0
2024-05-15,0.00001456,0.00001558,0.00001438,0.00001498,2013820.00000000,1715817599999,29.91555934,6400,875967.10000000,13.10515814,0
2024-05-16,0.00001499,0.00001624,0.00001481,0.00001570,1058001.80000000,1715903999999,16.39972348,7116,403062.50000000,6.28012136,0
2024-05-17,0.00001569,0.00001666,0.00001551,0.00001604,725445.50000000,1715990399999,11.61141170,4255,447181.40000000,7.14047600,0
2024-05-18,0.00001604,0.00001629,0.00001575,0.00001616,703219.10000000,1716076799999,11.28701494,3148,482341.00000000,7.74578848,0
2024-05-19,0.00001615,0.00001622,0.00001530,0.00001552,366802.10000000,1716163199999,5.74346093,3974,145816.30000000,2.29483320,0
2024-05-20,0.00001549,0.00001690,0.00001525,0.00001608,1385543.20000000,1716249599999,22.51077562,8291,726445.70000000,11.78075883,0
2024-05-21,0.00001606,0.00001650,0.00001587,0.00001627,1129738.00000000,1716335999999,18.33307890,7315,484180.80000000,7.84868749,0
2024-05-22,0.00001627,0.00001653,0.00001556,0.00001598,1046521.90000000,1716422399999,16.75858969,8547,442782.90000000,7.05533400,0
2024-05-23,0.00001598,0.00001635,0.00001509,0.00001583,896427.30000000,1716508799999,14.13242854,7757,473802.40000000,7.49210111,0
2024-05-24,0.00001581,0.00001600,0.00001524,0.00001558,359125.70000000,1716595199999,5.60133474,2929,160314.30000000,2.50209146,0
2024-05-25,0.00001557,0.00001575,0.00001521,0.00001535,203325.80000000,1716681599999,3.13970487,2784,89625.80000000,1.38598532,0
2024-05-26,0.00001532,0.00001546,0.00001483,0.00001518,505570.70000000,1716767999999,7.64518160,4462,247427.40000000,3.74495878,0
2024-05-27,0.00001521,0.00001552,0.00001503,0.00001548,478456.10000000,1716854399999,7.34210188,7376,172865.90000000,2.64949407,0
2024-05-28,0.00001546,0.00001548,0.00001499,0.00001507,442159.90000000,1716940799999,6.70774456,5600,137661.50000000,2.09032238,0
2024-05-29,0.00001507,0.00001540,0.00001489,0.00001501,379738.00000000,1717027199999,5.76287653,3585,192069.60000000,2.91368938,0
2024-05-30,0.00001504,0.00001517,0.00001454,0.00001484,589580.00000000,1717113599999,8.74629955,3729,392785.00000000,5.82148625,0
2024-05-31,0.00001482,0.00001526,0.00001462,0.00001515,276126.50000000,1717199999999,4.13312105,2904,121474.80000000,1.81462379,0
2024-06-01,0.00001517,0.00001528,0.00001494,0.00001512,243271.80000000,1717286399999,3.68386924,3694,135237.20000000,2.04948689,0
2024-06-02,0.00001511,0.00001524,0.00001492,0.00001500,257031.10000000,1717372799999,3.87555836,3144,129691.30000000,1.95484307,0
2024-06-03,0.00001498,0.00001537,0.00001490,0.00001511,455533.40000000,1717459199999,6.89237587,4611,203132.70000000,3.07501853,0
2024-06-04,0.00001512,0.00001529,0.00001455,0.00001494,434968.60000000,1717545599999,6.44420436,3942,210030.10000000,3.11134691,0
2024-06-05,0.00001494,0.00001556,0.00001477,0.00001553,610267.20000000,1717631999999,9.29151749,4587,265724.60000000,4.04680853,0
2024-06-06,0.00001552,0.00001596,0.00001545,0.00001572,735810.50000000,1717718399999,11.52092121,5258,448464.70000000,7.02180983,0
2024-06-07,0.00001574,0.00001639,0.00001429,0.00001560,1480336.70000000,1717804799999,23.23214775,12052,780192.10000000,12.24864001,0
2024-06-08,0.00001558,0.00001685,0.00001539,0.00001594,1645256.50000000,1717891199999,26.48871429,15829,936652.00000000,15.06484665,0
2024-06-09,0.00001593,0.00001628,0.00001536,0.00001571,779243.30000000,1717977599999,12.30156545,9458,443366.10000000,6.99318830,0
2024-06-10,0.00001570,0.00001575,0.00001484,0.00001487,721407.20000000,1718063999999,10.99573513,8250,384077.90000000,5.86042594,0
2024-06-11,0.00001486,0.00001559,0.00001450,0.00001474,851620.80000000,1718150399999,12.78330455,9384,388933.10000000,5.84967533,0
2024-06-12,0.00001474,0.00001514,0.00001433,0.00001492,740277.30000000,1718236799999,10.90531760,7721,322153.90000000,4.77780336,0
2024-06-13,0.00001491,0.00001496,0.00001438,0.00001446,367039.30000000,1718323199999,5.38834547,3688,190922.10000000,2.80561894,0
2024-06-14,0.00001447,0.00001492,0.00001375,0.00001408,469622.70000000,1718409599999,6.74171671,6553,231735.60000000,3.33070546,0
2024-06-15,0.00001408,0.00001447,0.00001402,0.00001425,231369.50000000,1718495999999,3.30609569,3400,117879.90000000,1.68401677,0
2024-06-16,0.00001425,0.00001455,0.00001398,0.00001455,144064.80000000,1718582399999,2.05354695,2147,63921.10000000,0.91189392,0
2024-06-17,0.00001455,0.00001474,0.00001322,0.00001340,509278.30000000,1718668799999,7.04139880,6146,225983.30000000,3.13080889,0
2024-06-18,0.00001341,0.00001342,0.00001162,0.00001228,1564939.30000000,1718755199999,19.23144297,10968,576410.90000000,7.07396441,0
2024-06-19,0.00001227,0.00001346,0.00001220,0.00001333,588267.60000000,1718841599999,7.59435596,5841,364255.60000000,4.69723692,0
2024-06-20,0.00001332,0.00001404,0.00001320,0.00001378,473206.80000000,1718927999999,6.47432266,7015,224129.70000000,3.06965023,0
2024-06-21,0.00001378,0.00001435,0.00001363,0.00001434,851647.80000000,1719014399999,11.90261272,11394,441300.30000000,6.15255958,0
2024-06-22,0.00001434,0.00001437,0.00001381,0.00001386,800874.00000000,1719100799999,11.23304384,9508,425094.40000000,5.96234698,0
2024-06-23,0.00001387,0.00001469,0.00001380,0.00001393,1413944.10000000,1719187199999,20.02900234,12581,663463.70000000,9.36606613,0
2024-06-24,0.00001395,0.00001491,0.00001315,0.00001484,1585719.40000000,1719273599999,22.19753269,13458,638452.10000000,8.90655738,0
2024-06-25,0.00001484,0.00001493,0.00001417,0.00001421,588684.40000000,1719359999999,8.49452096,5972,252270.10000000,3.64073014,0
2024-06-26,0.00001421,0.00001429,0.00001346,0.00001363,635897.50000000,1719446399999,8.80803568,5154,321717.00000000,4.46827614,0
2024-06-27,0.00001363,0.00001401,0.00001352,0.00001355,391667.90000000,1719532799999,5.37525244,4319,175734.40000000,2.40529074,0
2024-06-28,0.00001355,0.00001361,0.00001297,0.00001308,603338.80000000,1719619199999,8.02880959,5245,267906.60000000,3.56408818,0
2024-06-29,0.00001309,0.00001322,0.00001281,0.00001284,196326.00000000,1719705599999,2.56850656,2471,64665.70000000,0.84614385,0
2024-06-30,0.00001282,0.00001311,0.00001270,0.00001306,253205.50000000,1719791999999,3.28345782,3088,107347.70000000,1.39244065,0
2024-07-01,0.00001306,0.00001316,0.00001283,0.00001287,274567.80000000,1719878399999,3.57439245,3225,137188.40000000,1.78741257,0
2024-07-02,0.00001286,0.00001338,0.00001270,0.00001328,310545.10000000,1719964799999,4.08027204,3411,167690.90000000,2.20696228,0
2024-07-03,0.00001329,0.00001354,0.00001277,0.00001289,428120.60000000,1720051199999,5.66063276,5536,224229.30000000,2.96214054,0
2024-07-04,0.00001288,0.00001298,0.00001170,0.00001180,1338423.00000000,1720137599999,16.69283112,10236,694746.10000000,8.69367943,0
2024-07-05,0.00001180,0.00001180,0.00001042,0.00001137,2284142.10000000,1720223999999,25.49322522,14625,1133130.50000000,12.67869726,0
2024-07-06,0.00001136,0.00001206,0.00001133,0.00001191,348753.10000000,1720310399999,4.09744473,4699,198159.60000000,2.32757653,0
2024-07-07,0.00001191,0.00001214,0.00001134,0.00001145,345974.20000000,1720396799999,4.07730075,4285,173206.20000000,2.04097705,0
2024-07-08,0.00001145,0.00001217,0.00001125,0.00001187,662595.80000000,1720483199999,7.82197290,7898,309018.20000000,3.65101293,0
2024-07-09,0.00001186,0.00001302,0.00001183,0.00001281,776356.40000000,1720569599999,9.60563080,7087,338747.30000000,4.21292135,0
2024-07-10,0.00001281,0.00001295,0.00001247,0.00001278,783122.30000000,1720655999999,9.93717964,7097,357749.10000000,4.54270915,0
2024-07-11,0.00001279,0.00001339,0.00001271,0.00001319,1400901.90000000,1720742399999,18.36697737,10405,800474.00000000,10.46817163,0
2024-07-12,0.00001319,0.00001347,0.00001266,0.00001292,672308.30000000,1720828799999,8.75194551,6811,304489.30000000,3.95355809,0
2024-07-13,0.00001292,0.00001301,0.00001271,0.00001280,200192.30000000,1720915199999,2.58608260,3304,119865.40000000,1.55185931,0
2024-07-14,0.00001280,0.00001365,0.00001277,0.00001327,624438.60000000,1721001599999,8.28626827,6243,296131.30000000,3.93800554,0
2024-07-15,0.00001328,0.00001331,0.00001268,0.00001304,490595.90000000,1721087999999,6.32208709,6622,234651.30000000,3.01681357,0
2024-07-16,0.00001303,0.00001366,0.00001299,0.00001333,746013.20000000,1721174399999,9.89712877,10796,311422.10000000,4.13917216,0
2024-07-17,0.00001333,0.00001364,0.00001304,0.00001310,412499.70000000,1721260799999,5.50324180,7517,175053.50000000,2.33687137,0
2024-07-18,0.00001311,0.00001321,0.00001244,0.00001268,389389.30000000,1721347199999,5.02177991,5261,187242.00000000,2.41437973,0
2024-07-19,0.00001268,0.00001291,0.00001259,0.00001281,347943.50000000,1721433599999,4.43100701,5351,188186.80000000,2.39699239,0
2024-07-20,0.00001280,0.00001336,0.00001259,0.00001266,470330.80000000,1721519999999,6.08514842,5198,239211.20000000,3.09664525,0
2024-07-21,0.00001267,0.00001274,0.00001231,0.00001261,391217.80000000,1721606399999,4.90639274,3402,184383.50000000,2.31403646,0
2024-07-22,0.00001261,0.00001326,0.00001227,0.00001230,555031.20000000,1721692799999,7.03498053,4987,293522.30000000,3.72367793,0
2024-07-23,0.00001230,0.00001272,0.00001216,0.00001236,532846.20000000,1721779199999,6.63570127,4038,337473.20000000,4.20527048,0
2024-07-24,0.00001235,0.00001243,0.00001174,0.00001179,265893.70000000,1721865599999,3.22903006,2739,132397.90000000,1.60925737,0
2024-07-25,0.00001179,0.00001179,0.00001102,0.00001140,533115.70000000,1721951999999,6.10910715,4213,224862.70000000,2.57728425,0
2024-07-26,0.00001139,0.00001172,0.00001129,0.00001160,392716.90000000,1722038399999,4.49315426,2535,278034.40000000,3.17411211,0
2024-07-27,0.00001159,0.00001165,0.00001128,0.00001156,367817.20000000,1722124799999,4.22151284,3148,172496.00000000,1.97664793,0
2024-07-28,0.00001155,0.00001155,0.00001094,0.00001099,178862.00000000,1722211199999,2.01330484,1890,97625.60000000,1.10004708,0
2024-07-29,0.00001100,0.00001129,0.00001092,0.00001108,500488.80000000,1722297599999,5.57486861,3850,243520.40000000,2.71367486,0
2024-07-30,0.00001109,0.00001123,0.00001052,0.00001069,354549.90000000,1722383999999,3.87948983,2959,178986.10000000,1.96100543,0
2024-07-31,0.00001070,0.00001100,0.00001063,0.00001095,378862.20000000,1722470399999,4.09785093,2951,178375.10000000,1.92975278,0
2024-08-01,0.00001095,0.00001115,0.00001044,0.00001064,590704.20000000,1722556799999,6.38623805,4717,351238.00000000,3.79327886,0
2024-08-02,0.00001065,0.00001081,0.00001021,0.00001038,608297.20000000,1722643199999,6.35176511,3872,291245.40000000,3.04719502,0
2024-08-03,0.00001037,0.00001057,0.00000986,0.00001007,405248.50000000,1722729599999,4.15615689,3798,179563.60000000,1.84650992,0
2024-08-04,0.00001005,0.00001032,0.00000975,0.00000993,878677.20000000,1722815999999,8.81092178,4669,467057.20000000,4.70914916,0
2024-08-05,0.00000993,0.00001015,0.00000916,0.00000991,7258927.60000000,1722902399999,70.81664342,23181,3560847.60000000,34.82639264,0
2024-08-06,0.00000990,0.00001081,0.00000989,0.00001072,539353.50000000,1722988799999,5.60231407,5376,297376.90000000,3.09108648,0
2024-08-07,0.00001071,0.00001151,0.00001059,0.00001118,846513.90000000,1723075199999,9.42447979,7498,472949.30000000,5.26690163,0
2024-08-08,0.00001116,0.00001394,0.00001086,0.00001381,2254223.30000000,1723161599999,28.24187493,14112,1174823.60000000,14.74774702,0
2024-08-09,0.00001381,0.00001449,0.00001354,0.00001404,1424585.70000000,1723247999999,19.91645213,10541,721252.70000000,10.09227209,0
2024-08-10,0.00001406,0.00001569,0.00001399,0.00001509,1481828.50000000,1723334399999,22.06927744,14174,792620.20000000,11.80331878,0
2024-08-11,0.00001507,0.00001559,0.00001437,0.00001488,1531050.60000000,1723420799999,22.85681059,12098,778112.10000000,11.62428550,0
2024-08-12,0.00001490,0.00001846,0.00001490,0.00001708,4854988.10000000,1723507199999,82.44481318,42407,2514619.70000000,42.69107707,0
2024-08-13,0.00001707,0.00001707,0.00001547,0.00001576,1596061.80000000,1723593599999,26.02591972,16311,815307.80000000,13.26888430,0
2024-08-14,0.00001578,0.00001604,0.00001496,0.00001592,987799.00000000,1723679999999,15.16257996,11639,464796.10000000,7.14559966,0
2024-08-15,0.00001592,0.00001594,0.00001403,0.00001468,1275242.70000000,1723766399999,18.96628718,11784,660120.10000000,9.76894410,0
2024-08-16,0.00001469,0.00001519,0.00001370,0.00001379,1317920.60000000,1723852799999,18.87465724,11419,607407.90000000,8.68775771,0
2024-08-17,0.00001378,0.00001429,0.00001353,0.00001392,1166572.90000000,1723939199999,16.09980786,8935,543458.60000000,7.51552595,0
2024-08-18,0.00001392,0.00001436,0.00001367,0.00001410,641668.40000000,1724025599999,8.99010791,6773,354380.70000000,4.96295872,0
2024-08-19,0.00001410,0.00001547,0.00001387,0.00001517,1322119.90000000,1724111999999,19.42716839,10158,670440.30000000,9.84536065,0
2024-08-20,0.00001514,0.00001530,0.00001443,0.00001477,943215.60000000,1724198399999,14.02228927,7731,457030.00000000,6.80742959,0
2024-08-21,0.00001476,0.00001490,0.00001385,0.00001387,670640.80000000,1724284799999,9.60676145,5713,208485.10000000,2.97390628,0
2024-08-22,0.00001391,0.00001433,0.00001374,0.00001409,711572.10000000,1724371199999,9.91741890,6972,265991.40000000,3.71367947,0
2024-08-23,0.00001411,0.00001646,0.00001404,0.00001585,2789350.10000000,1724457599999,43.56068828,19682,1463206.70000000,22.83531447,0
2024-08-24,0.00001586,0.00001643,0.00001548,0.00001587,1231048.50000000,1724543999999,19.50413277,9699,612219.30000000,9.70301072,0
2024-08-25,0.00001587,0.00001587,0.00001501,0.00001555,658575.10000000,1724630399999,10.22125318,7373,299899.00000000,4.65275076,0
2024-08-26,0.00001557,0.00001574,0.00001473,0.00001474,888490.90000000,1724716799999,13.46842683,10601,473861.60000000,7.17380640,0
2024-08-27,0.00001478,0.00001546,0.00001414,0.00001426,2789453.70000000,1724803199999,41.06515448,24575,1465006.40000000,21.44060458,0
2024-08-28,0.00001426,0.00001426,0.00001304,0.00001372,2316281.70000000,1724889599999,31.81125574,18803,1127506.30000000,15.49596379,0
2024-08-29,0.00001371,0.00001419,0.00001345,0.00001353,1358596.20000000,1724975999999,18.98525890,11265,431040.00000000,5.97578742,0
2024-08-30,0.00001352,0.00001413,0.00001321,0.00001407,1085523.10000000,1725062399999,14.81518123,7479,551842.30000000,7.53628020,0
2024-08-31,0.00001406,0.00001406,0.00001333,0.00001349,304913.00000000,1725148799999,4.19834476,2161,151671.10000000,2.08881293,0
2024-09-01,0.00001350,0.00001393,0.00001322,0.00001330,655572.70000000,1725235199999,8.89612629,4100,322041.40000000,4.37176532,0
2024-09-02,0.00001328,0.00001370,0.00001290,0.00001331,1204524.20000000,1725321599999,15.93981501,6844,576056.00000000,7.62269057,0
2024-09-03,0.00001329,0.00001421,0.00001318,0.00001365,1302741.80000000,1725407999999,17.99356421,8031,731051.80000000,10.10318197,0
2024-09-04,0.00001367,0.00001437,0.00001337,0.00001395,1864664.10000000,1725494399999,26.05440748,11541,933222.70000000,13.05748828,0
2024-09-05,0.00001394,0.00001468,0.00001389,0.00001418,1503872.50000000,1725580799999,21.51063360,10156,739946.30000000,10.59019549,0
2024-09-06,0.00001418,0.00001578,0.00001418,0.00001552,3767639.60000000,1725667199999,57.39045583,23456,1883656.50000000,28.62232476,0
2024-09-07,0.00001552,0.00001690,0.00001534,0.00001645,3192531.20000000,1725753599999,51.19698300,18147,1742043.30000000,27.90674056,0
2024-09-08,0.00001646,0.00001809,0.00001630,0.00001711,3542530.70000000,1725839999999,61.41764868,25401,1909312.60000000,33.11542989,0
2024-09-09,0.00001712,0.00001877,0.00001624,0.00001680,2950827.90000000,1725926399999,49.09464415,17837,1605372.10000000,26.74441777,0
2024-09-10,0.00001678,0.00001712,0.00001590,0.00001593,1965975.30000000,1726012799999,32.02973364,11427,916585.30000000,14.93496103,0
2024-09-11,0.00001594,0.00001626,0.00001548,0.00001623,1651438.90000000,1726099199999,25.95187683,9365,825557.80000000,12.98078471,0
2024-09-12,0.00001622,0.00001848,0.00001617,0.00001789,3853119.20000000,1726185599999,67.69740572,25939,1905577.60000000,33.58071780,0
2024-09-13,0.00001790,0.00001800,0.00001686,0.00001699,1507719.40000000,1726271999999,26.08004930,13491,877636.00000000,15.18397460,0
2024-09-14,0.00001699,0.00001779,0.00001680,0.00001742,1261847.80000000,1726358399999,21.66043160,10165,674372.10000000,11.58630304,0
2024-09-15,0.00001741,0.00001896,0.00001736,0.00001824,2346235.50000000,1726444799999,42.78656082,20260,1271865.20000000,23.20884076,0
2024-09-16,0.00001824,0.00001910,0.00001773,0.00001790,1740037.90000000,1726531199999,32.15751186,12686,901245.40000000,16.66886931,0
2024-09-17,0.00001789,0.00002010,0.00001767,0.00001938,2742144.10000000,1726617599999,52.56635581,19786,1246806.20000000,23.96667953,0
2024-09-18,0.00001937,0.00002135,0.00001902,0.00002129,3238811.90000000,1726703999999,65.05473214,24875,1778816.70000000,35.73654646,0
2024-09-19,0.00002129,0.00002242,0.00002064,0.00002191,2442903.10000000,1726790399999,52.91800555,17205,1193753.60000000,25.91371303,0
2024-09-20,0.00002193,0.00002476,0.00002155,0.00002326,8725750.80000000,1726876799999,204.53764009,29301,6690794.30000000,157.00701488,0
2024-09-21,0.00002325,0.00002391,0.00002283,0.00002337,1142078.60000000,1726963199999,26.75348731,8896,548833.20000000,12.86853633,0
2024-09-22,0.00002341,0.00002585,0.00002260,0.00002493,6490431.80000000,1727049599999,162.61141660,33230,4795593.50000000,120.93777654,0
2024-09-23,0.00002493,0.00002566,0.00002385,0.00002424,1970040.80000000,1727135999999,48.74468910,18713,942862.70000000,23.30740915,0
2024-09-24,0.00002425,0.00002783,0.00002373,0.00002711,7523510.50000000,1727222399999,189.48414526,61407,5947033.60000000,149.28914229,0
2024-09-25,0.00002713,0.00002765,0.00002605,0.00002690,2198011.30000000,1727308799999,59.18790853,27540,1002643.20000000,27.03775604,0
2024-09-26,0.00002688,0.00002728,0.00002469,0.00002515,2957042.40000000,1727395199999,77.55894044,31483,1531313.40000000,40.24670806,0
2024-09-27,0.00002519,0.00002649,0.00002456,0.00002520,2114632.10000000,1727481599999,54.11479936,20555,1029786.90000000,26.37915574,0
2024-09-28,0.00002519,0.00002576,0.00002441,0.00002562,1366107.10000000,1727567999999,34.13727642,13690,692321.60000000,17.29923566,0
2024-09-29,0.00002564,0.00002810,0.00002488,0.00002680,2920211.00000000,1727654399999,77.99441520,28396,1603183.10000000,42.82634397,0
2024-09-30,0.00002681,0.00002900,0.00002631,0.00002803,2679311.10000000,1727740799999,74.08157349,37689,1303466.90000000,35.98840608,0
2024-10-01,0.00002803,0.00003032,0.00002717,0.00002891,6678336.70000000,1727827199999,191.62042447,55713,3177033.20000000,91.21084969,0
2024-10-02,0.00002891,0.00003130,0.00002862,0.00003060,4179606.30000000,1727913599999,125.33692064,33248,2383642.70000000,71.39318397,0
2024-10-03,0.00003059,0.00003277,0.00002665,0.00002738,6365186.90000000,1727999999999,187.01670754,39286,3150275.10000000,92.81771342,0
2024-10-04,0.00002737,0.00002949,0.00002666,0.00002853,2545135.00000000,1728086399999,71.91863716,16854,1256443.90000000,35.55230006,0
2024-10-05,0.00002857,0.00002875,0.00002721,0.00002827,884214.90000000,1728172799999,24.58362993,7008,425822.00000000,11.84742715,0
2024-10-06,0.00002826,0.00002967,0.00002761,0.00002931,1482898.00000000,1728259199999,42.33013911,11199,803379.50000000,22.93033735,0
2024-10-07,0.00002930,0.00003393,0.00002927,0.00003241,6494772.60000000,1728345599999,210.67218024,34324,3502711.00000000,114.06013418,0
2024-10-08,0.00003243,0.00003400,0.00003107,0.00003196,3051959.60000000,1728431999999,98.57985950,24187,1615901.70000000,52.20999834,0
2024-10-09,0.00003196,0.00003213,0.00003030,0.00003092,2391521.60000000,1728518399999,74.44247464,21127,1364299.40000000,42.48770731,0
2024-10-10,0.00003093,0.00003129,0.00002930,0.00003041,1804791.60000000,1728604799999,54.33531874,27020,943370.00000000,28.44696008,0
2024-10-11,0.00003039,0.00003352,0.00002960,0.00003282,2516781.50000000,1728691199999,80.65336987,27264,1279210.70000000,41.01612155,0
2024-10-12,0.00003284,0.00003620,0.00003196,0.00003545,2821629.90000000,1728777599999,96.90358669,41962,1661528.50000000,56.85446226,0
2024-10-13,0.00003547,0.00003770,0.00003418,0.00003730,1855491.30000000,1728863999999,66.11758711,31180,912480.90000000,32.56917679,0
2024-10-14,0.00003727,0.00003741,0.00003373,0.00003405,2518948.10000000,1728950399999,87.84465245,33162,1213355.10000000,42.37274820,0
2024-10-15,0.00003406,0.00003462,0.00002971,0.00003072,4597006.40000000,1729036799999,148.28742670,42423,2222519.70000000,71.56297229,0
2024-10-16,0.00003070,0.00003184,0.00002919,0.00003081,2329380.40000000,1729123199999,70.81672502,30914,1118033.70000000,34.00013989,0
2024-10-17,0.00003082,0.00003204,0.00002985,0.00003003,1615995.00000000,1729209599999,50.13494274,21264,804017.20000000,24.90790143,0
2024-10-18,0.00003004,0.00003123,0.00002988,0.00003108,1259842.10000000,1729295999999,38.46708238,19782,604739.60000000,18.47175690,0
2024-10-19,0.00003106,0.00003106,0.00002996,0.00003019,666020.50000000,1729382399999,20.18197974,9353,356819.00000000,10.81074884,0
2024-10-20,0.00003020,0.00003123,0.00002997,0.00003087,1058296.40000000,1729468799999,32.48733920,14618,533048.10000000,16.36613119,0
2024-10-21,0.00003083,0.00003139,0.00002971,0.00002983,1230238.70000000,1729555199999,37.32300944,13034,596315.80000000,18.06935959,0
2024-10-22,0.00002983,0.00003011,0.00002810,0.00002873,1700944.90000000,1729641599999,49.45674649,21078,903888.90000000,26.29147338,0
2024-10-23,0.00002878,0.00003004,0.00002808,0.00002968,1470912.50000000,1729727999999,42.55414207,19018,646248.30000000,18.71744109,0
2024-10-24,0.00002969,0.00003042,0.00002827,0.00002840,1337001.30000000,1729814399999,39.30859672,14934,706550.10000000,20.75139850,0
2024-10-25,0.00002842,0.00002852,0.00002507,0.00002628,2397234.60000000,1729900799999,64.99741076,16875,1091317.20000000,29.80010601,0
2024-10-26,0.00002626,0.00002750,0.00002548,0.00002675,1924161.60000000,1729987199999,51.03200992,20450,968938.20000000,25.65204887,0
2024-10-27,0.00002674,0.00002716,0.00002546,0.00002582,2722033.30000000,1730073599999,70.66554963,20517,1133238.60000000,29.49476491,0
2024-10-28,0.00002581,0.00002586,0.00002335,0.00002535,3521472.50000000,1730159999999,87.02105786,25830,1777409.90000000,43.99476945,0
2024-10-29,0.00002534,0.00002882,0.00002526,0.00002848,9451858.50000000,1730246399999,258.34507203,47271,5252578.70000000,143.60953791,0
2024-10-30,0.00002847,0.00002944,0.00002755,0.00002878,2464955.80000000,1730332799999,70.38093521,13587,1236159.20000000,35.27331888,0
2024-10-31,0.00002880,0.00002901,0.00002755,0.00002805,2085031.30000000,1730419199999,58.84924381,18713,956135.60000000,27.03420453,0
2024-11-01,0.00002804,0.00002957,0.00002763,0.00002861,3608199.60000000,1730505599999,103.49664165,23553,1916788.90000000,54.98704602,0
2024-11-02,0.00002860,0.00002898,0.00002698,0.00002752,1723477.70000000,1730591999999,48.02848770,13947,764543.70000000,21.33285377,0
2024-11-03,0.00002752,0.00002853,0.00002619,0.00002833,2254261.80000000,1730678399999,61.51140098,16418,1123774.20000000,30.62881542,0
2024-11-04,0.00002835,0.00002853,0.00002676,0.00002728,1908642.50000000,1730764799999,52.53744553,13805,943179.80000000,25.97671563,0
2024-11-05,0.00002729,0.00002946,0.00002726,0.00002896,2011033.70000000,1730851199999,57.29334904,14659,990304.50000000,28.22705544,0
2024-11-06,0.00002897,0.00003137,0.00002878,0.00003050,7653070.50000000,1730937599999,232.65217950,47526,3818226.70000000,116.07754950,0
2024-11-07,0.00003049,0.00003147,0.00002967,0.00003057,2685448.40000000,1731023999999,82.02089578,23190,1344231.40000000,41.09226322,0
2024-11-08,0.00003058,0.00003127,0.00002907,0.00002990,1734917.20000000,1731110399999,52.12760308,21507,872865.60000000,26.22800541,0
2024-11-09,0.00002989,0.00003720,0.00002922,0.00003578,3315830.20000000,1731196799999,109.47853132,32841,1795544.90000000,59.42019779,0
2024-11-10,0.00003583,0.00003974,0.00003512,0.00003774,7948403.10000000,1731283199999,297.27497044,78565,4111933.10000000,153.72583649,0
2024-11-11,0.00003773,0.00004044,0.00003587,0.00003693,7985292.70000000,1731369599999,304.70481018,71281,4139794.20000000,157.99730381,0
2024-11-12,0.00003692,0.00003785,0.00003303,0.00003655,7887198.80000000,1731455999999,276.15874806,69392,3908003.70000000,136.87007207,0
2024-11-13,0.00003656,0.00003742,0.00003291,0.00003657,7240116.20000000,1731542399999,257.74513740,70546,3615722.20000000,128.89379149,0
2024-11-14,0.00003655,0.00003931,0.00003589,0.00003839,4116787.70000000,1731628799999,154.92517618,49720,2012510.40000000,75.97511675,0
2024-11-15,0.00003842,0.00004032,0.00003551,0.00003966,2851761.20000000,1731715199999,107.98002898,36979,1573334.40000000,59.75114746,0
2024-11-16,0.00003967,0.00004308,0.00003939,0.00004151,3445879.10000000,1731801599999,142.47866612,48541,1914776.50000000,79.26954967,0
2024-11-17,0.00004152,0.00004352,0.00003965,0.00004209,3238752.50000000,1731887999999,134.58776486,50849,1541635.60000000,64.14456997,0
2024-11-18,0.00004211,0.00004310,0.00003990,0.00004088,2617762.00000000,1731974399999,107.74303970,40954,1469522.10000000,60.52432344,0
2024-11-19,0.00004090,0.00004161,0.00003935,0.00004035,2643609.80000000,1732060799999,106.65896409,31922,1339271.40000000,54.03333866,0
2024-11-20,0.00004034,0.00004160,0.00003658,0.00003738,3163707.20000000,1732147199999,122.60408979,39835,1561427.40000000,60.40685062,0
2024-11-21,0.00003738,0.00003834,0.00003409,0.00003685,6143515.10000000,1732233599999,224.86572603,62384,2937223.30000000,107.39778024,0
2024-11-22,0.00003686,0.00003701,0.00003412,0.00003606,4717227.30000000,1732319999999,167.43171009,38858,2309381.80000000,82.10498599,0
2024-11-23,0.00003606,0.00003705,0.00003440,0.00003521,3781804.60000000,1732406399999,135.31033414,39850,1689677.30000000,60.53373674,0
2024-11-24,0.00003519,0.00003633,0.00003260,0.00003469,5506364.70000000,1732492799999,188.51270594,80106,1382162.40000000,47.60963747,0
2024-11-25,0.00003468,0.00003536,0.00003301,0.00003433,3037661.10000000,1732579199999,103.46443457,37076,1330599.50000000,45.46912304,0
2024-11-26,0.00003431,0.00003800,0.00003250,0.00003800,6050213.00000000,1732665599999,215.51201064,73830,3408399.60000000,122.33537274,0
2024-11-27,0.00003800,0.00003807,0.00003541,0.00003582,1716475.90000000,1732751999999,62.04434353,23892,802351.90000000,29.01534206,0
2024-11-28,0.00003582,0.00003830,0.00003541,0.00003600,1823180.50000000,1732838399999,67.49794216,27316,996395.90000000,36.94031230,0
2024-11-29,0.00003600,0.00003645,0.00003492,0.00003575,3017234.40000000,1732924799999,107.23295950,52027,1171372.40000000,41.70907797,0
2024-11-30,0.00003576,0.00003648,0.00003527,0.00003606,892845.30000000,1733011199999,32.01994867,13565,446884.80000000,16.03647625,0
2024-12-01,0.00003604,0.00003631,0.00003479,0.00003577,1118934.30000000,1733097599999,39.62699939,16735,472775.00000000,16.76052487,0
2024-12-02,0.00003581,0.00003588,0.00003350,0.00003538,4936633.20000000,1733183999999,170.63963900,43113,1372766.10000000,47.24938992,0
2024-12-03,0.00003537,0.00004077,0.00003481,0.00003855,8661561.50000000,1733270399999,334.17998710,92766,4873781.90000000,187.69254238,0
2024-12-04,0.00003857,0.00003940,0.00003650,0.00003726,4014744.70000000,1733356799999,152.20487889,49462,1652623.70000000,62.89893560,0
2024-12-05,0.00003728,0.00004444,0.00003591,0.00004362,12352520.10000000,1733443199999,492.38513773,135255,7172122.10000000,288.35156468,0
2024-12-06,0.00004360,0.00004570,0.00004124,0.00004228,5005968.90000000,1733529599999,217.38089377,57125,2381975.70000000,103.73407830,0
2024-12-07,0.00004227,0.00004466,0.00004149,0.00004267,1820564.70000000,1733615999999,78.82822944,24962,907653.60000000,39.31181333,0
2024-12-08,0.00004267,0.00004391,0.00004144,0.00004182,863464.50000000,1733702399999,36.62917530,13580,432997.50000000,18.34277840,0
2024-12-09,0.00004182,0.00004300,0.00003580,0.00003946,3808428.30000000,1733788799999,152.26489742,51876,1679842.60000000,67.28219996,0
2024-12-10,0.00003945,0.00003974,0.00003666,0.00003845,5092406.10000000,1733875199999,194.55168243,58367,2299672.30000000,88.22729149,0
2024-12-11,0.00003845,0.00004349,0.00003721,0.00004324,5102920.20000000,1733961599999,203.68417168,61757,2217684.20000000,90.58885500,0
2024-12-12,0.00004322,0.00004843,0.00004309,0.00004621,5599401.00000000,1734047999999,259.91437052,68467,3073390.30000000,142.54291645,0
2024-12-13,0.00004621,0.00004866,0.00004565,0.00004693,2294588.50000000,1734134399999,108.45810329,40545,1229426.60000000,58.12592746,0
2024-12-14,0.00004695,0.00004737,0.00004309,0.00004396,1292910.50000000,1734220799999,58.48423907,22663,474578.40000000,21.50727548,0
2024-12-15,0.00004396,0.00004683,0.00004282,0.00004579,1767563.40000000,1734307199999,78.82316300,26445,989966.80000000,43.88918825,0
2024-12-16,0.00004581,0.00004685,0.00004356,0.00004364,2754136.30000000,1734393599999,124.42797539,44512,1410160.60000000,63.75187180,0
2024-12-17,0.00004363,0.00004531,0.00004310,0.00004369,1765186.70000000,1734479999999,77.66123228,25215,824445.70000000,36.34058172,0
2024-12-18,0.00004374,0.00004568,0.00004206,0.00004330,2774993.60000000,1734566399999,121.49220962,38556,1277385.40000000,56.09392321,0
2024-12-19,0.00004327,0.00004483,0.00004100,0.00004184,3804478.10000000,1734652799999,162.16649238,56999,1779035.00000000,76.00238897,0
2024-12-20,0.00004182,0.00004749,0.00003768,0.00004684,6170379.80000000,1734739199999,260.99349737,76589,3167974.40000000,134.36884101,0
2024-12-21,0.00004685,0.00004982,0.00004364,0.00004478,3369690.30000000,1734825599999,158.03477042,44235,1692299.40000000,79.42264832,0
2024-12-22,0.00004483,0.00004731,0.00004374,0.00004546,1907378.60000000,1734911999999,86.97060135,26848,1003201.60000000,45.81933655,0
2024-12-23,0.00004546,0.00004999,0.00004371,0.00004975,2509436.60000000,1734998399999,116.53138562,32453,1382349.40000000,64.45082945,0
2024-12-24,0.00004970,0.00005041,0.00004629,0.00004667,1788437.10000000,1735084799999,86.52209307,24275,941437.30000000,45.76817105,0
2024-12-25,0.00004667,0.00004719,0.00004519,0.00004521,854430.50000000,1735171199999,39.40741098,12849,421754.30000000,19.45506182,0
2024-12-26,0.00004524,0.00004540,0.00004351,0.00004388,1929681.70000000,1735257599999,85.61129089,20858,927270.30000000,40.94682906,0
2024-12-27,0.00004389,0.00004557,0.00004308,0.00004328,1223557.20000000,1735343999999,53.94112380,16440,605313.10000000,26.76247317,0
2024-12-28,0.00004337,0.00004468,0.00004217,0.00004421,1671195.80000000,1735430399999,72.36930642,17974,298296.80000000,12.95378788,0
2024-12-29,0.00004422,0.00004492,0.00004342,0.00004363,526040.50000000,1735516799999,23.20766535,8675,252134.20000000,11.13152830,0
2024-12-30,0.00004362,0.00004629,0.00004270,0.00004506,1106071.00000000,1735603199999,49.06674504,16996,571516.40000000,25.31691622,0
2024-12-31,0.00004505,0.00004599,0.00004386,0.00004405,1121756.80000000,1735689599999,50.12449902,13829,551487.00000000,24.62587808,0
2025-01-01,0.00004404,0.00004553,0.00004352,0.00004530,740569.10000000,1735775999999,33.06087052,9002,352595.70000000,15.76895263,0
