Frequency,Asset,Model,Value,What
1h,global,RandomForestClassifier,0.522010582010582,ACC VALIDATION
1h,global,RandomForestClassifier,0.5198801406677419,F1 VALIDATION
1h,global,RandomForestClassifier,"{0: 0.524074074074074, 1: 0.4759259259259259}",DESBALANCEO REAL VAL
1h,global,RandomForestClassifier,"{1: 0.5185185185185185, 0: 0.48148148148148145}",DESBALANCEO PREDICCIÓN VAL
1h,global,RandomForestClassifier,0.5148148148148148,ACC VALIDATION
1h,global,RandomForestClassifier,0.5117180856609194,F1 VALIDATION
1h,global,RandomForestClassifier,"{0: 0.524074074074074, 1: 0.4759259259259259}",DESBALANCEO REAL VAL
1h,global,RandomForestClassifier,"{0: 0.5287037037037037, 1: 0.47129629629629627}",DESBALANCEO PREDICCIÓN VAL
1h,global,RandomForestClassifier,0.5076455026455027,ACC VALIDATION
1h,global,RandomForestClassifier,0.5044929921640893,F1 VALIDATION
1h,global,RandomForestClassifier,"{0: 0.524074074074074, 1: 0.4759259259259259}",DESBALANCEO REAL VAL
1h,global,RandomForestClassifier,"{0: 0.5425925925925926, 1: 0.45740740740740743}",DESBALANCEO PREDICCIÓN VAL
1h,global,RandomForestClassifier,0.5138095238095237,ACC VALIDATION
1h,global,RandomForestClassifier,0.5106118212688662,F1 VALIDATION
1h,global,RandomForestClassifier,"{0: 0.524074074074074, 1: 0.4759259259259259}",DESBALANCEO REAL VAL
1h,global,RandomForestClassifier,"{0: 0.5564814814814815, 1: 0.44351851851851853}",DESBALANCEO PREDICCIÓN VAL
1h,global,RandomForestClassifier,0.5160449735449735,ACC VALIDATION
1h,global,RandomForestClassifier,0.5129761057290743,F1 VALIDATION
1h,global,RandomForestClassifier,"{0: 0.524074074074074, 1: 0.4759259259259259}",DESBALANCEO REAL VAL
1h,global,RandomForestClassifier,"{0: 0.5546296296296296, 1: 0.44537037037037036}",DESBALANCEO PREDICCIÓN VAL
1h,global,RandomForestClassifier,0.5138492063492064,ACC VALIDATION
1h,global,RandomForestClassifier,0.5131529284671605,F1 VALIDATION
1h,global,RandomForestClassifier,"{0: 0.524074074074074, 1: 0.4759259259259259}",DESBALANCEO REAL VAL
1h,global,RandomForestClassifier,"{1: 0.5277777777777778, 0: 0.4722222222222222}",DESBALANCEO PREDICCIÓN VAL
1h,global,RandomForestClassifier,0.5127248677248677,ACC VALIDATION
1h,global,RandomForestClassifier,0.5124194571538914,F1 VALIDATION
1h,global,RandomForestClassifier,"{0: 0.524074074074074, 1: 0.4759259259259259}",DESBALANCEO REAL VAL
1h,global,RandomForestClassifier,"{1: 0.5564814814814815, 0: 0.44351851851851853}",DESBALANCEO PREDICCIÓN VAL
1h,global,RandomForestClassifier,0.5066798941798941,ACC VALIDATION
1h,global,RandomForestClassifier,0.5064721353615862,F1 VALIDATION
1h,global,RandomForestClassifier,"{0: 0.524074074074074, 1: 0.4759259259259259}",DESBALANCEO REAL VAL
1h,global,RandomForestClassifier,"{1: 0.5472222222222223, 0: 0.4527777777777778}",DESBALANCEO PREDICCIÓN VAL
1h,global,RandomForestClassifier,0.4942195767195767,ACC VALIDATION
1h,global,RandomForestClassifier,0.49392560139416625,F1 VALIDATION
1h,global,RandomForestClassifier,"{0: 0.524074074074074, 1: 0.4759259259259259}",DESBALANCEO REAL VAL
1h,global,RandomForestClassifier,"{1: 0.5416666666666666, 0: 0.4583333333333333}",DESBALANCEO PREDICCIÓN VAL
1h,global,RandomForestClassifier,0.5063756613756614,ACC VALIDATION
1h,global,RandomForestClassifier,0.50553714406222,F1 VALIDATION
1h,global,RandomForestClassifier,"{0: 0.524074074074074, 1: 0.4759259259259259}",DESBALANCEO REAL VAL
1h,global,RandomForestClassifier,"{0: 0.5453703703703704, 1: 0.4546296296296296}",DESBALANCEO PREDICCIÓN VAL
1h,global,RandomForestClassifier,0.5078567895597915,ACC FINAL TEST
1h,global,RandomForestClassifier,0.5070005620784264,F1 FINAL TEST
1h,ADAUSDT_1h,RandomForestClassifier,0.5067914621618537,ACC CRYPTO TEST
1h,ADAUSDT_1h,RandomForestClassifier,0.5064086022683052,F1 CRYPTO TEST
1h,ADAUSDT_1h,RandomForestClassifier,"{0: 0.5114712932313663, 1: 0.4885287067686337}",DESBALANCEO REAL
1h,ADAUSDT_1h,RandomForestClassifier,"{0: 0.5163794087432941, 1: 0.48362059125670587}",DESBALANCEO PREDICCIÓN
1h,AVAXUSDT_1h,RandomForestClassifier,0.49902979111973517,ACC CRYPTO TEST
1h,AVAXUSDT_1h,RandomForestClassifier,0.4989536502115093,F1 CRYPTO TEST
1h,AVAXUSDT_1h,RandomForestClassifier,"{0: 0.513982422097934, 1: 0.48601757790206596}",DESBALANCEO REAL
1h,AVAXUSDT_1h,RandomForestClassifier,"{1: 0.5016550622075105, 0: 0.49834493779248945}",DESBALANCEO PREDICCIÓN
1h,BNBUSDT_1h,RandomForestClassifier,0.5098733021344596,ACC CRYPTO TEST
1h,BNBUSDT_1h,RandomForestClassifier,0.508160539835931,F1 CRYPTO TEST
1h,BNBUSDT_1h,RandomForestClassifier,"{1: 0.5252825019974888, 0: 0.4747174980025111}",DESBALANCEO REAL
1h,BNBUSDT_1h,RandomForestClassifier,"{0: 0.5842940303618308, 1: 0.41570596963816914}",DESBALANCEO PREDICCIÓN
1h,BTCUSDT_1h,RandomForestClassifier,0.5168359776281246,ACC CRYPTO TEST
1h,BTCUSDT_1h,RandomForestClassifier,0.5145285386673086,F1 CRYPTO TEST
1h,BTCUSDT_1h,RandomForestClassifier,"{1: 0.5288209108549252, 0: 0.4711790891450748}",DESBALANCEO REAL
1h,BTCUSDT_1h,RandomForestClassifier,"{0: 0.5977628124643306, 1: 0.40223718753566945}",DESBALANCEO PREDICCIÓN
1h,ETHUSDT_1h,RandomForestClassifier,0.5177491153977857,ACC CRYPTO TEST
1h,ETHUSDT_1h,RandomForestClassifier,0.5160834438856636,F1 CRYPTO TEST
1h,ETHUSDT_1h,RandomForestClassifier,"{1: 0.5111288665677434, 0: 0.4888711334322566}",DESBALANCEO REAL
1h,ETHUSDT_1h,RandomForestClassifier,"{0: 0.5697979682684625, 1: 0.4302020317315375}",DESBALANCEO PREDICCIÓN
1h,LINKUSDT_1h,RandomForestClassifier,0.4994863600045657,ACC CRYPTO TEST
1h,LINKUSDT_1h,RandomForestClassifier,0.4992842865827961,F1 CRYPTO TEST
1h,LINKUSDT_1h,RandomForestClassifier,"{0: 0.5056500399497774, 1: 0.4943499600502226}",DESBALANCEO REAL
1h,LINKUSDT_1h,RandomForestClassifier,"{0: 0.5144389909827646, 1: 0.4855610090172355}",DESBALANCEO PREDICCIÓN
1h,SOLUSDT_1h,RandomForestClassifier,0.5091884488072138,ACC CRYPTO TEST
1h,SOLUSDT_1h,RandomForestClassifier,0.5088105685516724,F1 CRYPTO TEST
1h,SOLUSDT_1h,RandomForestClassifier,"{1: 0.5071338888254765, 0: 0.49286611117452345}",DESBALANCEO REAL
1h,SOLUSDT_1h,RandomForestClassifier,"{0: 0.5348704485789293, 1: 0.46512955142107065}",DESBALANCEO PREDICCIÓN
1h,TRXUSDT_1h,RandomForestClassifier,0.4913822622988243,ACC CRYPTO TEST
1h,TRXUSDT_1h,RandomForestClassifier,0.4900187997603446,F1 CRYPTO TEST
1h,TRXUSDT_1h,RandomForestClassifier,"{1: 0.5325876041547769, 0: 0.46741239584522315}",DESBALANCEO REAL
1h,TRXUSDT_1h,RandomForestClassifier,"{0: 0.5842940303618308, 1: 0.41570596963816914}",DESBALANCEO PREDICCIÓN
1h,XRPUSDT_1h,RandomForestClassifier,0.520374386485561,ACC CRYPTO TEST
1h,XRPUSDT_1h,RandomForestClassifier,0.5192323403853422,F1 CRYPTO TEST
1h,XRPUSDT_1h,RandomForestClassifier,"{1: 0.5010843511014724, 0: 0.4989156488985276}",DESBALANCEO REAL
1h,XRPUSDT_1h,RandomForestClassifier,"{0: 0.5498230795571282, 1: 0.45017692044287183}",DESBALANCEO PREDICCIÓN
1h,global,GradientBoostingClassifier,0.5122751322751323,ACC VALIDATION
1h,global,GradientBoostingClassifier,0.5099481904607475,F1 VALIDATION
1h,global,GradientBoostingClassifier,"{0: 0.524074074074074, 1: 0.4759259259259259}",DESBALANCEO REAL VAL
1h,global,GradientBoostingClassifier,"{0: 0.5157407407407407, 1: 0.4842592592592593}",DESBALANCEO PREDICCIÓN VAL
1h,global,GradientBoostingClassifier,0.5141137566137566,ACC VALIDATION
1h,global,GradientBoostingClassifier,0.5129536079248949,F1 VALIDATION
1h,global,GradientBoostingClassifier,"{0: 0.524074074074074, 1: 0.4759259259259259}",DESBALANCEO REAL VAL
1h,global,GradientBoostingClassifier,"{0: 0.5009259259259259, 1: 0.49907407407407406}",DESBALANCEO PREDICCIÓN VAL
1h,global,GradientBoostingClassifier,0.5078835978835979,ACC VALIDATION
1h,global,GradientBoostingClassifier,0.507114968389786,F1 VALIDATION
1h,global,GradientBoostingClassifier,"{0: 0.524074074074074, 1: 0.4759259259259259}",DESBALANCEO REAL VAL
1h,global,GradientBoostingClassifier,"{0: 0.5046296296296297, 1: 0.49537037037037035}",DESBALANCEO PREDICCIÓN VAL
1h,global,GradientBoostingClassifier,0.5181349206349206,ACC VALIDATION
1h,global,GradientBoostingClassifier,0.5169938695403543,F1 VALIDATION
1h,global,GradientBoostingClassifier,"{0: 0.524074074074074, 1: 0.4759259259259259}",DESBALANCEO REAL VAL
1h,global,GradientBoostingClassifier,"{0: 0.5212962962962963, 1: 0.4787037037037037}",DESBALANCEO PREDICCIÓN VAL
1h,global,GradientBoostingClassifier,0.5091931216931217,ACC VALIDATION
1h,global,GradientBoostingClassifier,0.5090001164250839,F1 VALIDATION
1h,global,GradientBoostingClassifier,"{0: 0.524074074074074, 1: 0.4759259259259259}",DESBALANCEO REAL VAL
1h,global,GradientBoostingClassifier,"{1: 0.5296296296296297, 0: 0.4703703703703704}",DESBALANCEO PREDICCIÓN VAL
1h,global,GradientBoostingClassifier,0.5114021164021164,ACC VALIDATION
1h,global,GradientBoostingClassifier,0.5107666298344531,F1 VALIDATION
1h,global,GradientBoostingClassifier,"{0: 0.524074074074074, 1: 0.4759259259259259}",DESBALANCEO REAL VAL
1h,global,GradientBoostingClassifier,"{1: 0.5222222222222223, 0: 0.4777777777777778}",DESBALANCEO PREDICCIÓN VAL
1h,global,GradientBoostingClassifier,0.5043650793650795,ACC VALIDATION
1h,global,GradientBoostingClassifier,0.5041491076651059,F1 VALIDATION
1h,global,GradientBoostingClassifier,"{0: 0.524074074074074, 1: 0.4759259259259259}",DESBALANCEO REAL VAL
1h,global,GradientBoostingClassifier,"{1: 0.5462962962962963, 0: 0.4537037037037037}",DESBALANCEO PREDICCIÓN VAL
1h,global,GradientBoostingClassifier,0.5071428571428571,ACC VALIDATION
1h,global,GradientBoostingClassifier,0.5062427695126532,F1 VALIDATION
1h,global,GradientBoostingClassifier,"{0: 0.524074074074074, 1: 0.4759259259259259}",DESBALANCEO REAL VAL
1h,global,GradientBoostingClassifier,"{1: 0.5120370370370371, 0: 0.487962962962963}",DESBALANCEO PREDICCIÓN VAL
1h,global,GradientBoostingClassifier,0.5138888888888888,ACC VALIDATION
1h,global,GradientBoostingClassifier,0.5137985261767866,F1 VALIDATION
1h,global,GradientBoostingClassifier,"{0: 0.524074074074074, 1: 0.4759259259259259}",DESBALANCEO REAL VAL
1h,global,GradientBoostingClassifier,"{1: 0.5268518518518519, 0: 0.47314814814814815}",DESBALANCEO PREDICCIÓN VAL
1h,global,GradientBoostingClassifier,0.5064417989417989,ACC VALIDATION
1h,global,GradientBoostingClassifier,0.5056229071422069,F1 VALIDATION
1h,global,GradientBoostingClassifier,"{0: 0.524074074074074, 1: 0.4759259259259259}",DESBALANCEO REAL VAL
1h,global,GradientBoostingClassifier,"{1: 0.5074074074074074, 0: 0.4925925925925926}",DESBALANCEO PREDICCIÓN VAL
1h,global,GradientBoostingClassifier,0.5150477494958718,ACC FINAL TEST
1h,global,GradientBoostingClassifier,0.5134067252045462,F1 FINAL TEST
1h,ADAUSDT_1h,GradientBoostingClassifier,0.5300764752882091,ACC CRYPTO TEST
1h,ADAUSDT_1h,GradientBoostingClassifier,0.4846155196998225,F1 CRYPTO TEST
1h,ADAUSDT_1h,GradientBoostingClassifier,"{0: 0.5114712932313663, 1: 0.4885287067686337}",DESBALANCEO REAL
1h,ADAUSDT_1h,GradientBoostingClassifier,"{0: 0.7855267663508732, 1: 0.21447323364912682}",DESBALANCEO PREDICCIÓN
1h,AVAXUSDT_1h,GradientBoostingClassifier,0.5187763953886543,ACC CRYPTO TEST
1h,AVAXUSDT_1h,GradientBoostingClassifier,0.4913318519639822,F1 CRYPTO TEST
1h,AVAXUSDT_1h,GradientBoostingClassifier,"{0: 0.513982422097934, 1: 0.48601757790206596}",DESBALANCEO REAL
1h,AVAXUSDT_1h,GradientBoostingClassifier,"{0: 0.7182969980595822, 1: 0.28170300194041775}",DESBALANCEO PREDICCIÓN
1h,BNBUSDT_1h,GradientBoostingClassifier,0.5111288665677434,ACC CRYPTO TEST
1h,BNBUSDT_1h,GradientBoostingClassifier,0.5105239081053433,F1 CRYPTO TEST
1h,BNBUSDT_1h,GradientBoostingClassifier,"{1: 0.5252825019974888, 0: 0.4747174980025111}",DESBALANCEO REAL
1h,BNBUSDT_1h,GradientBoostingClassifier,"{0: 0.5604383061294372, 1: 0.4395616938705627}",DESBALANCEO PREDICCIÓN
1h,BTCUSDT_1h,GradientBoostingClassifier,0.5214016664764296,ACC CRYPTO TEST
1h,BTCUSDT_1h,GradientBoostingClassifier,0.5206189941368113,F1 CRYPTO TEST
1h,BTCUSDT_1h,GradientBoostingClassifier,"{1: 0.5288209108549252, 0: 0.4711790891450748}",DESBALANCEO REAL
1h,BTCUSDT_1h,GradientBoostingClassifier,"{0: 0.5692272571624244, 1: 0.4307727428375756}",DESBALANCEO PREDICCIÓN
1h,ETHUSDT_1h,GradientBoostingClassifier,0.5201461020431457,ACC CRYPTO TEST
1h,ETHUSDT_1h,GradientBoostingClassifier,0.5198006005118965,F1 CRYPTO TEST
1h,ETHUSDT_1h,GradientBoostingClassifier,"{1: 0.5111288665677434, 0: 0.4888711334322566}",DESBALANCEO REAL
1h,ETHUSDT_1h,GradientBoostingClassifier,"{0: 0.5379522885515352, 1: 0.4620477114484648}",DESBALANCEO PREDICCIÓN
1h,LINKUSDT_1h,GradientBoostingClassifier,0.4991439333409428,ACC CRYPTO TEST
1h,LINKUSDT_1h,GradientBoostingClassifier,0.4991318676290439,F1 CRYPTO TEST
1h,LINKUSDT_1h,GradientBoostingClassifier,"{0: 0.5056500399497774, 1: 0.4943499600502226}",DESBALANCEO REAL
1h,LINKUSDT_1h,GradientBoostingClassifier,"{1: 0.5105581554617052, 0: 0.4894418445382947}",DESBALANCEO PREDICCIÓN
1h,SOLUSDT_1h,GradientBoostingClassifier,0.5079328843739299,ACC CRYPTO TEST
1h,SOLUSDT_1h,GradientBoostingClassifier,0.5078342910834536,F1 CRYPTO TEST
1h,SOLUSDT_1h,GradientBoostingClassifier,"{1: 0.5071338888254765, 0: 0.49286611117452345}",DESBALANCEO REAL
1h,SOLUSDT_1h,GradientBoostingClassifier,"{0: 0.521287524255222, 1: 0.478712475744778}",DESBALANCEO PREDICCIÓN
1h,TRXUSDT_1h,GradientBoostingClassifier,0.5075904577103071,ACC CRYPTO TEST
1h,TRXUSDT_1h,GradientBoostingClassifier,0.4974748328920627,F1 CRYPTO TEST
1h,TRXUSDT_1h,GradientBoostingClassifier,"{1: 0.5325876041547769, 0: 0.46741239584522315}",DESBALANCEO REAL
1h,TRXUSDT_1h,GradientBoostingClassifier,"{1: 0.6092911768063006, 0: 0.3907088231936994}",DESBALANCEO PREDICCIÓN
1h,XRPUSDT_1h,GradientBoostingClassifier,0.5192329642734848,ACC CRYPTO TEST
1h,XRPUSDT_1h,GradientBoostingClassifier,0.5189644233193875,F1 CRYPTO TEST
1h,XRPUSDT_1h,GradientBoostingClassifier,"{1: 0.5010843511014724, 0: 0.4989156488985276}",DESBALANCEO REAL
1h,XRPUSDT_1h,GradientBoostingClassifier,"{0: 0.5247117908914507, 1: 0.47528820910854924}",DESBALANCEO PREDICCIÓN
4h,global,RandomForestClassifier,0.5059103641456583,ACC VALIDATION
4h,global,RandomForestClassifier,0.498882299442897,F1 VALIDATION
4h,global,RandomForestClassifier,"{1: 0.5210084033613446, 0: 0.4789915966386555}",DESBALANCEO REAL VAL
4h,global,RandomForestClassifier,"{0: 0.6134453781512605, 1: 0.3865546218487395}",DESBALANCEO PREDICCIÓN VAL
4h,global,RandomForestClassifier,0.5009752048967735,ACC VALIDATION
4h,global,RandomForestClassifier,0.495245087440236,F1 VALIDATION
4h,global,RandomForestClassifier,"{1: 0.5210084033613446, 0: 0.4789915966386555}",DESBALANCEO REAL VAL
4h,global,RandomForestClassifier,"{0: 0.5835667600373483, 1: 0.41643323996265175}",DESBALANCEO PREDICCIÓN VAL
4h,global,RandomForestClassifier,0.4882850918145036,ACC VALIDATION
4h,global,RandomForestClassifier,0.47807248516450773,F1 VALIDATION
4h,global,RandomForestClassifier,"{1: 0.5210084033613446, 0: 0.4789915966386555}",DESBALANCEO REAL VAL
4h,global,RandomForestClassifier,"{0: 0.6816059757236228, 1: 0.3183940242763772}",DESBALANCEO PREDICCIÓN VAL
4h,global,RandomForestClassifier,0.5015229795621952,ACC VALIDATION
4h,global,RandomForestClassifier,0.49269948325424834,F1 VALIDATION
4h,global,RandomForestClassifier,"{1: 0.5210084033613446, 0: 0.4789915966386555}",DESBALANCEO REAL VAL
4h,global,RandomForestClassifier,"{0: 0.6442577030812325, 1: 0.3557422969187675}",DESBALANCEO PREDICCIÓN VAL
4h,global,RandomForestClassifier,0.500532212885154,ACC VALIDATION
4h,global,RandomForestClassifier,0.4939947862619151,F1 VALIDATION
4h,global,RandomForestClassifier,"{1: 0.5210084033613446, 0: 0.4789915966386555}",DESBALANCEO REAL VAL
4h,global,RandomForestClassifier,"{0: 0.6069094304388422, 1: 0.3930905695611578}",DESBALANCEO PREDICCIÓN VAL
4h,global,RandomForestClassifier,0.5041062350866272,ACC VALIDATION
4h,global,RandomForestClassifier,0.4967801904950022,F1 VALIDATION
4h,global,RandomForestClassifier,"{1: 0.5210084033613446, 0: 0.4789915966386555}",DESBALANCEO REAL VAL
4h,global,RandomForestClassifier,"{0: 0.6181139122315593, 1: 0.3818860877684407}",DESBALANCEO PREDICCIÓN VAL
4h,global,RandomForestClassifier,0.5077684407096171,ACC VALIDATION
4h,global,RandomForestClassifier,0.5016102951778383,F1 VALIDATION
4h,global,RandomForestClassifier,"{1: 0.5210084033613446, 0: 0.4789915966386555}",DESBALANCEO REAL VAL
4h,global,RandomForestClassifier,"{0: 0.5910364145658263, 1: 0.40896358543417366}",DESBALANCEO PREDICCIÓN VAL
4h,global,RandomForestClassifier,0.5034920634920634,ACC VALIDATION
4h,global,RandomForestClassifier,0.49563262521873785,F1 VALIDATION
4h,global,RandomForestClassifier,"{1: 0.5210084033613446, 0: 0.4789915966386555}",DESBALANCEO REAL VAL
4h,global,RandomForestClassifier,"{0: 0.6405228758169934, 1: 0.35947712418300654}",DESBALANCEO PREDICCIÓN VAL
4h,global,RandomForestClassifier,0.5029640004149808,ACC VALIDATION
4h,global,RandomForestClassifier,0.49649792057621117,F1 VALIDATION
4h,global,RandomForestClassifier,"{1: 0.5210084033613446, 0: 0.4789915966386555}",DESBALANCEO REAL VAL
4h,global,RandomForestClassifier,"{0: 0.580765639589169, 1: 0.419234360410831}",DESBALANCEO PREDICCIÓN VAL
4h,global,RandomForestClassifier,0.49828197945845004,ACC VALIDATION
4h,global,RandomForestClassifier,0.4927352295937677,F1 VALIDATION
4h,global,RandomForestClassifier,"{1: 0.5210084033613446, 0: 0.4789915966386555}",DESBALANCEO REAL VAL
4h,global,RandomForestClassifier,"{0: 0.5583566760037348, 1: 0.44164332399626516}",DESBALANCEO PREDICCIÓN VAL
4h,global,RandomForestClassifier,0.5055530199300168,ACC FINAL TEST
4h,global,RandomForestClassifier,0.505243765920008,F1 FINAL TEST
4h,ADAUSDT_4h,RandomForestClassifier,0.5020538566864445,ACC CRYPTO TEST
4h,ADAUSDT_4h,RandomForestClassifier,0.49679420584572986,F1 CRYPTO TEST
4h,ADAUSDT_4h,RandomForestClassifier,"{0: 0.5203103605659516, 1: 0.47968963943404835}",DESBALANCEO REAL
4h,ADAUSDT_4h,RandomForestClassifier,"{0: 0.581926061159288, 1: 0.418073938840712}",DESBALANCEO PREDICCIÓN
4h,AVAXUSDT_4h,RandomForestClassifier,0.5445002282062985,ACC CRYPTO TEST
4h,AVAXUSDT_4h,RandomForestClassifier,0.5401542592477317,F1 CRYPTO TEST
4h,AVAXUSDT_4h,RandomForestClassifier,"{0: 0.5376540392514834, 1: 0.46234596074851664}",DESBALANCEO REAL
4h,AVAXUSDT_4h,RandomForestClassifier,"{0: 0.5595618439068918, 1: 0.44043815609310816}",DESBALANCEO PREDICCIÓN
4h,BNBUSDT_4h,RandomForestClassifier,0.48242811501597443,ACC CRYPTO TEST
4h,BNBUSDT_4h,RandomForestClassifier,0.48233742530689805,F1 CRYPTO TEST
4h,BNBUSDT_4h,RandomForestClassifier,"{1: 0.536741214057508, 0: 0.46325878594249204}",DESBALANCEO REAL
4h,BNBUSDT_4h,RandomForestClassifier,"{0: 0.5235052487448654, 1: 0.47649475125513463}",DESBALANCEO PREDICCIÓN
4h,BTCUSDT_4h,RandomForestClassifier,0.4952076677316294,ACC CRYPTO TEST
4h,BTCUSDT_4h,RandomForestClassifier,0.4950476769966826,F1 CRYPTO TEST
4h,BTCUSDT_4h,RandomForestClassifier,"{1: 0.5390232770424463, 0: 0.46097672295755365}",DESBALANCEO REAL
4h,BTCUSDT_4h,RandomForestClassifier,"{0: 0.521223185759927, 1: 0.478776814240073}",DESBALANCEO PREDICCIÓN
4h,ETHUSDT_4h,RandomForestClassifier,0.5011410314924692,ACC CRYPTO TEST
4h,ETHUSDT_4h,RandomForestClassifier,0.5004413031365587,F1 CRYPTO TEST
4h,ETHUSDT_4h,RandomForestClassifier,"{1: 0.52259242355089, 0: 0.47740757644910997}",DESBALANCEO REAL
4h,ETHUSDT_4h,RandomForestClassifier,"{0: 0.5600182565038795, 1: 0.4399817434961205}",DESBALANCEO PREDICCIÓN
4h,LINKUSDT_4h,RandomForestClassifier,0.5047923322683706,ACC CRYPTO TEST
4h,LINKUSDT_4h,RandomForestClassifier,0.5031491627835527,F1 CRYPTO TEST
4h,LINKUSDT_4h,RandomForestClassifier,"{0: 0.5143769968051118, 1: 0.48562300319488816}",DESBALANCEO REAL
4h,LINKUSDT_4h,RandomForestClassifier,"{0: 0.5431309904153354, 1: 0.45686900958466453}",DESBALANCEO PREDICCIÓN
4h,SOLUSDT_4h,RandomForestClassifier,0.5207667731629393,ACC CRYPTO TEST
4h,SOLUSDT_4h,RandomForestClassifier,0.5110414452709883,F1 CRYPTO TEST
4h,SOLUSDT_4h,RandomForestClassifier,"{1: 0.5038795070743952, 0: 0.49612049292560473}",DESBALANCEO REAL
4h,SOLUSDT_4h,RandomForestClassifier,"{0: 0.6449109995435874, 1: 0.3550890004564126}",DESBALANCEO PREDICCIÓN
4h,TRXUSDT_4h,RandomForestClassifier,0.4815152898219991,ACC CRYPTO TEST
4h,TRXUSDT_4h,RandomForestClassifier,0.4548003441647084,F1 CRYPTO TEST
4h,TRXUSDT_4h,RandomForestClassifier,"{1: 0.5358283888635327, 0: 0.4641716111364674}",DESBALANCEO REAL
4h,TRXUSDT_4h,RandomForestClassifier,"{1: 0.6855317206754906, 0: 0.3144682793245094}",DESBALANCEO PREDICCIÓN
4h,XRPUSDT_4h,RandomForestClassifier,0.5175718849840255,ACC CRYPTO TEST
4h,XRPUSDT_4h,RandomForestClassifier,0.5167197862611923,F1 CRYPTO TEST
4h,XRPUSDT_4h,RandomForestClassifier,"{1: 0.5061615700593336, 0: 0.49383842994066635}",DESBALANCEO REAL
4h,XRPUSDT_4h,RandomForestClassifier,"{0: 0.5481515289821999, 1: 0.45184847101780007}",DESBALANCEO PREDICCIÓN
4h,global,GradientBoostingClassifier,0.4889781097624235,ACC VALIDATION
4h,global,GradientBoostingClassifier,0.46633671342766814,F1 VALIDATION
4h,global,GradientBoostingClassifier,"{1: 0.5210084033613446, 0: 0.4789915966386555}",DESBALANCEO REAL VAL
4h,global,GradientBoostingClassifier,"{0: 0.7124183006535948, 1: 0.2875816993464052}",DESBALANCEO PREDICCIÓN VAL
4h,global,GradientBoostingClassifier,0.48928830791575895,ACC VALIDATION
4h,global,GradientBoostingClassifier,0.46605139913321236,F1 VALIDATION
4h,global,GradientBoostingClassifier,"{1: 0.5210084033613446, 0: 0.4789915966386555}",DESBALANCEO REAL VAL
4h,global,GradientBoostingClassifier,"{0: 0.7245564892623716, 1: 0.2754435107376284}",DESBALANCEO PREDICCIÓN VAL
4h,global,GradientBoostingClassifier,0.49024795103226476,ACC VALIDATION
4h,global,GradientBoostingClassifier,0.4831537484405417,F1 VALIDATION
4h,global,GradientBoostingClassifier,"{1: 0.5210084033613446, 0: 0.4789915966386555}",DESBALANCEO REAL VAL
4h,global,GradientBoostingClassifier,"{0: 0.6517273576097106, 1: 0.34827264239028943}",DESBALANCEO PREDICCIÓN VAL
4h,global,GradientBoostingClassifier,0.4961987758066189,ACC VALIDATION
4h,global,GradientBoostingClassifier,0.4834568897462326,F1 VALIDATION
4h,global,GradientBoostingClassifier,"{1: 0.5210084033613446, 0: 0.4789915966386555}",DESBALANCEO REAL VAL
4h,global,GradientBoostingClassifier,"{0: 0.6946778711484594, 1: 0.30532212885154064}",DESBALANCEO PREDICCIÓN VAL
4h,global,GradientBoostingClassifier,0.4989210499014421,ACC VALIDATION
4h,global,GradientBoostingClassifier,0.4903364135634901,F1 VALIDATION
4h,global,GradientBoostingClassifier,"{1: 0.5210084033613446, 0: 0.4789915966386555}",DESBALANCEO REAL VAL
4h,global,GradientBoostingClassifier,"{0: 0.646125116713352, 1: 0.353874883286648}",DESBALANCEO PREDICCIÓN VAL
4h,global,GradientBoostingClassifier,0.5075848117024588,ACC VALIDATION
4h,global,GradientBoostingClassifier,0.5033147369626219,F1 VALIDATION
4h,global,GradientBoostingClassifier,"{1: 0.5210084033613446, 0: 0.4789915966386555}",DESBALANCEO REAL VAL
4h,global,GradientBoostingClassifier,"{0: 0.5695611577964519, 1: 0.4304388422035481}",DESBALANCEO PREDICCIÓN VAL
4h,global,GradientBoostingClassifier,0.5123809523809524,ACC VALIDATION
4h,global,GradientBoostingClassifier,0.5073537442376731,F1 VALIDATION
4h,global,GradientBoostingClassifier,"{1: 0.5210084033613446, 0: 0.4789915966386555}",DESBALANCEO REAL VAL
4h,global,GradientBoostingClassifier,"{0: 0.5845004668534081, 1: 0.415499533146592}",DESBALANCEO PREDICCIÓN VAL
4h,global,GradientBoostingClassifier,0.4989272746135491,ACC VALIDATION
4h,global,GradientBoostingClassifier,0.4918929265870055,F1 VALIDATION
4h,global,GradientBoostingClassifier,"{1: 0.5210084033613446, 0: 0.4789915966386555}",DESBALANCEO REAL VAL
4h,global,GradientBoostingClassifier,"{0: 0.6274509803921569, 1: 0.37254901960784315}",DESBALANCEO PREDICCIÓN VAL
4h,global,GradientBoostingClassifier,0.5081004253553273,ACC VALIDATION
4h,global,GradientBoostingClassifier,0.5047440734962588,F1 VALIDATION
4h,global,GradientBoostingClassifier,"{1: 0.5210084033613446, 0: 0.4789915966386555}",DESBALANCEO REAL VAL
4h,global,GradientBoostingClassifier,"{0: 0.5023342670401494, 1: 0.4976657329598506}",DESBALANCEO PREDICCIÓN VAL
4h,global,GradientBoostingClassifier,0.5040429505135388,ACC VALIDATION
4h,global,GradientBoostingClassifier,0.49959416030965703,F1 VALIDATION
4h,global,GradientBoostingClassifier,"{1: 0.5210084033613446, 0: 0.4789915966386555}",DESBALANCEO REAL VAL
4h,global,GradientBoostingClassifier,"{0: 0.5742296918767507, 1: 0.4257703081232493}",DESBALANCEO PREDICCIÓN VAL
4h,global,GradientBoostingClassifier,0.5064151326132157,ACC FINAL TEST
4h,global,GradientBoostingClassifier,0.5061101658761681,F1 FINAL TEST
4h,ADAUSDT_4h,GradientBoostingClassifier,0.4869922409858512,ACC CRYPTO TEST
4h,ADAUSDT_4h,GradientBoostingClassifier,0.48447835829143876,F1 CRYPTO TEST
4h,ADAUSDT_4h,GradientBoostingClassifier,"{0: 0.5203103605659516, 1: 0.47968963943404835}",DESBALANCEO REAL
4h,ADAUSDT_4h,GradientBoostingClassifier,"{0: 0.549520766773163, 1: 0.4504792332268371}",DESBALANCEO PREDICCIÓN
4h,AVAXUSDT_4h,GradientBoostingClassifier,0.536741214057508,ACC CRYPTO TEST
4h,AVAXUSDT_4h,GradientBoostingClassifier,0.5316697051719734,F1 CRYPTO TEST
4h,AVAXUSDT_4h,GradientBoostingClassifier,"{0: 0.5376540392514834, 1: 0.46234596074851664}",DESBALANCEO REAL
4h,AVAXUSDT_4h,GradientBoostingClassifier,"{0: 0.5664080328617069, 1: 0.433591967138293}",DESBALANCEO PREDICCIÓN
4h,BNBUSDT_4h,GradientBoostingClassifier,0.4901871291647649,ACC CRYPTO TEST
4h,BNBUSDT_4h,GradientBoostingClassifier,0.4900783567807775,F1 CRYPTO TEST
4h,BNBUSDT_4h,GradientBoostingClassifier,"{1: 0.536741214057508, 0: 0.46325878594249204}",DESBALANCEO REAL
4h,BNBUSDT_4h,GradientBoostingClassifier,"{0: 0.5221360109539023, 1: 0.47786398904609767}",DESBALANCEO PREDICCIÓN
4h,BTCUSDT_4h,GradientBoostingClassifier,0.507074395253309,ACC CRYPTO TEST
4h,BTCUSDT_4h,GradientBoostingClassifier,0.5068844620716904,F1 CRYPTO TEST
4h,BTCUSDT_4h,GradientBoostingClassifier,"{1: 0.5390232770424463, 0: 0.46097672295755365}",DESBALANCEO REAL
4h,BTCUSDT_4h,GradientBoostingClassifier,"{0: 0.5193975353719763, 1: 0.48060246462802375}",DESBALANCEO PREDICCIÓN
4h,ETHUSDT_4h,GradientBoostingClassifier,0.508443633044272,ACC CRYPTO TEST
4h,ETHUSDT_4h,GradientBoostingClassifier,0.5084104540747313,F1 CRYPTO TEST
4h,ETHUSDT_4h,GradientBoostingClassifier,"{1: 0.52259242355089, 0: 0.47740757644910997}",DESBALANCEO REAL
4h,ETHUSDT_4h,GradientBoostingClassifier,"{0: 0.5308078502966682, 1: 0.4691921497033318}",DESBALANCEO PREDICCIÓN
4h,LINKUSDT_4h,GradientBoostingClassifier,0.5111821086261981,ACC CRYPTO TEST
4h,LINKUSDT_4h,GradientBoostingClassifier,0.5103559170274651,F1 CRYPTO TEST
4h,LINKUSDT_4h,GradientBoostingClassifier,"{0: 0.5143769968051118, 1: 0.48562300319488816}",DESBALANCEO REAL
4h,LINKUSDT_4h,GradientBoostingClassifier,"{0: 0.5267001369237791, 1: 0.4732998630762209}",DESBALANCEO PREDICCIÓN
4h,SOLUSDT_4h,GradientBoostingClassifier,0.5061615700593336,ACC CRYPTO TEST
4h,SOLUSDT_4h,GradientBoostingClassifier,0.49125852816052684,F1 CRYPTO TEST
4h,SOLUSDT_4h,GradientBoostingClassifier,"{1: 0.5038795070743952, 0: 0.49612049292560473}",DESBALANCEO REAL
4h,SOLUSDT_4h,GradientBoostingClassifier,"{0: 0.6750342309447741, 1: 0.32496576905522595}",DESBALANCEO PREDICCIÓN
4h,TRXUSDT_4h,GradientBoostingClassifier,0.4993153811045185,ACC CRYPTO TEST
4h,TRXUSDT_4h,GradientBoostingClassifier,0.47807471558268766,F1 CRYPTO TEST
4h,TRXUSDT_4h,GradientBoostingClassifier,"{1: 0.5358283888635327, 0: 0.4641716111364674}",DESBALANCEO REAL
4h,TRXUSDT_4h,GradientBoostingClassifier,"{1: 0.6659059790050206, 0: 0.3340940209949795}",DESBALANCEO PREDICCIÓN
4h,XRPUSDT_4h,GradientBoostingClassifier,0.5116385212231858,ACC CRYPTO TEST
4h,XRPUSDT_4h,GradientBoostingClassifier,0.5095493084565124,F1 CRYPTO TEST
4h,XRPUSDT_4h,GradientBoostingClassifier,"{1: 0.5061615700593336, 0: 0.49383842994066635}",DESBALANCEO REAL
4h,XRPUSDT_4h,GradientBoostingClassifier,"{0: 0.5714285714285714, 1: 0.42857142857142855}",DESBALANCEO PREDICCIÓN
1d,global,RandomForestClassifier,0.5189876543209877,ACC VALIDATION
1d,global,RandomForestClassifier,0.5083411902111143,F1 VALIDATION
1d,global,RandomForestClassifier,"{1: 0.7437037037037038, 0: 0.2562962962962963}",DESBALANCEO REAL VAL
1d,global,RandomForestClassifier,"{0: 0.5007407407407407, 1: 0.49925925925925924}",DESBALANCEO PREDICCIÓN VAL
1d,global,RandomForestClassifier,0.5180987654320989,ACC VALIDATION
1d,global,RandomForestClassifier,0.5046955143973998,F1 VALIDATION
1d,global,RandomForestClassifier,"{1: 0.7437037037037038, 0: 0.2562962962962963}",DESBALANCEO REAL VAL
1d,global,RandomForestClassifier,"{1: 0.5466666666666666, 0: 0.4533333333333333}",DESBALANCEO PREDICCIÓN VAL
1d,global,RandomForestClassifier,0.5040987654320987,ACC VALIDATION
1d,global,RandomForestClassifier,0.4885977886123408,F1 VALIDATION
1d,global,RandomForestClassifier,"{1: 0.7437037037037038, 0: 0.2562962962962963}",DESBALANCEO REAL VAL
1d,global,RandomForestClassifier,"{0: 0.5066666666666667, 1: 0.49333333333333335}",DESBALANCEO PREDICCIÓN VAL
1d,global,RandomForestClassifier,0.5114567901234568,ACC VALIDATION
1d,global,RandomForestClassifier,0.5020704142715402,F1 VALIDATION
1d,global,RandomForestClassifier,"{1: 0.7437037037037038, 0: 0.2562962962962963}",DESBALANCEO REAL VAL
1d,global,RandomForestClassifier,"{0: 0.5185185185185185, 1: 0.48148148148148145}",DESBALANCEO PREDICCIÓN VAL
1d,global,RandomForestClassifier,0.5071604938271606,ACC VALIDATION
1d,global,RandomForestClassifier,0.49893754049555844,F1 VALIDATION
1d,global,RandomForestClassifier,"{1: 0.7437037037037038, 0: 0.2562962962962963}",DESBALANCEO REAL VAL
1d,global,RandomForestClassifier,"{0: 0.5481481481481482, 1: 0.45185185185185184}",DESBALANCEO PREDICCIÓN VAL
1d,global,RandomForestClassifier,0.5032098765432099,ACC VALIDATION
1d,global,RandomForestClassifier,0.49175898389619854,F1 VALIDATION
1d,global,RandomForestClassifier,"{1: 0.7437037037037038, 0: 0.2562962962962963}",DESBALANCEO REAL VAL
1d,global,RandomForestClassifier,"{0: 0.5288888888888889, 1: 0.4711111111111111}",DESBALANCEO PREDICCIÓN VAL
1d,global,RandomForestClassifier,0.5143703703703705,ACC VALIDATION
1d,global,RandomForestClassifier,0.5059140440041829,F1 VALIDATION
1d,global,RandomForestClassifier,"{1: 0.7437037037037038, 0: 0.2562962962962963}",DESBALANCEO REAL VAL
1d,global,RandomForestClassifier,"{0: 0.5274074074074074, 1: 0.4725925925925926}",DESBALANCEO PREDICCIÓN VAL
1d,global,RandomForestClassifier,0.4820246913580247,ACC VALIDATION
1d,global,RandomForestClassifier,0.4799745217911555,F1 VALIDATION
1d,global,RandomForestClassifier,"{1: 0.7437037037037038, 0: 0.2562962962962963}",DESBALANCEO REAL VAL
1d,global,RandomForestClassifier,"{0: 0.6622222222222223, 1: 0.3377777777777778}",DESBALANCEO PREDICCIÓN VAL
1d,global,RandomForestClassifier,0.5002222222222221,ACC VALIDATION
1d,global,RandomForestClassifier,0.49326153859212807,F1 VALIDATION
1d,global,RandomForestClassifier,"{1: 0.7437037037037038, 0: 0.2562962962962963}",DESBALANCEO REAL VAL
1d,global,RandomForestClassifier,"{0: 0.5333333333333333, 1: 0.4666666666666667}",DESBALANCEO PREDICCIÓN VAL
1d,global,RandomForestClassifier,0.5033827160493828,ACC VALIDATION
1d,global,RandomForestClassifier,0.49797733732500316,F1 VALIDATION
1d,global,RandomForestClassifier,"{1: 0.7437037037037038, 0: 0.2562962962962963}",DESBALANCEO REAL VAL
1d,global,RandomForestClassifier,"{0: 0.56, 1: 0.44}",DESBALANCEO PREDICCIÓN VAL
1d,global,RandomForestClassifier,0.5197328476017,ACC FINAL TEST
1d,global,RandomForestClassifier,0.5195158634852164,F1 FINAL TEST
1d,ADAUSDT_1d,RandomForestClassifier,0.5245901639344263,ACC CRYPTO TEST
1d,ADAUSDT_1d,RandomForestClassifier,0.4981560283687943,F1 CRYPTO TEST
1d,ADAUSDT_1d,RandomForestClassifier,"{0: 0.5409836065573771, 1: 0.45901639344262296}",DESBALANCEO REAL
1d,ADAUSDT_1d,RandomForestClassifier,"{0: 0.6885245901639344, 1: 0.3114754098360656}",DESBALANCEO PREDICCIÓN
1d,AVAXUSDT_1d,RandomForestClassifier,0.5136612021857924,ACC CRYPTO TEST
1d,AVAXUSDT_1d,RandomForestClassifier,0.5131378351717335,F1 CRYPTO TEST
1d,AVAXUSDT_1d,RandomForestClassifier,"{0: 0.5245901639344263, 1: 0.47540983606557374}",DESBALANCEO REAL
1d,AVAXUSDT_1d,RandomForestClassifier,"{0: 0.5081967213114754, 1: 0.4918032786885246}",DESBALANCEO PREDICCIÓN
1d,BNBUSDT_1d,RandomForestClassifier,0.4781420765027322,ACC CRYPTO TEST
1d,BNBUSDT_1d,RandomForestClassifier,0.47810701247508347,F1 CRYPTO TEST
1d,BNBUSDT_1d,RandomForestClassifier,"{1: 0.5382513661202186, 0: 0.46174863387978143}",DESBALANCEO REAL
1d,BNBUSDT_1d,RandomForestClassifier,"{0: 0.5300546448087432, 1: 0.46994535519125685}",DESBALANCEO PREDICCIÓN
1d,BTCUSDT_1d,RandomForestClassifier,0.5519125683060109,ACC CRYPTO TEST
1d,BTCUSDT_1d,RandomForestClassifier,0.551430364989687,F1 CRYPTO TEST
1d,BTCUSDT_1d,RandomForestClassifier,"{1: 0.5628415300546448, 0: 0.4371584699453552}",DESBALANCEO REAL
1d,BTCUSDT_1d,RandomForestClassifier,"{0: 0.5300546448087432, 1: 0.46994535519125685}",DESBALANCEO PREDICCIÓN
1d,ETHUSDT_1d,RandomForestClassifier,0.5,ACC CRYPTO TEST
1d,ETHUSDT_1d,RandomForestClassifier,0.49726406809430523,F1 CRYPTO TEST
1d,ETHUSDT_1d,RandomForestClassifier,"{1: 0.5136612021857924, 0: 0.48633879781420764}",DESBALANCEO REAL
1d,ETHUSDT_1d,RandomForestClassifier,"{0: 0.587431693989071, 1: 0.412568306010929}",DESBALANCEO PREDICCIÓN
1d,LINKUSDT_1d,RandomForestClassifier,0.5273224043715847,ACC CRYPTO TEST
1d,LINKUSDT_1d,RandomForestClassifier,0.5029789238196162,F1 CRYPTO TEST
1d,LINKUSDT_1d,RandomForestClassifier,"{0: 0.505464480874317, 1: 0.49453551912568305}",DESBALANCEO REAL
1d,LINKUSDT_1d,RandomForestClassifier,"{0: 0.7158469945355191, 1: 0.28415300546448086}",DESBALANCEO PREDICCIÓN
1d,SOLUSDT_1d,RandomForestClassifier,0.43989071038251365,ACC CRYPTO TEST
1d,SOLUSDT_1d,RandomForestClassifier,0.43938431650913434,F1 CRYPTO TEST
1d,SOLUSDT_1d,RandomForestClassifier,"{1: 0.5136612021857924, 0: 0.48633879781420764}",DESBALANCEO REAL
1d,SOLUSDT_1d,RandomForestClassifier,"{0: 0.5437158469945356, 1: 0.4562841530054645}",DESBALANCEO PREDICCIÓN
1d,TRXUSDT_1d,RandomForestClassifier,0.6010928961748634,ACC CRYPTO TEST
1d,TRXUSDT_1d,RandomForestClassifier,0.49460901146294406,F1 CRYPTO TEST
1d,TRXUSDT_1d,RandomForestClassifier,"{1: 0.6010928961748634, 0: 0.3989071038251366}",DESBALANCEO REAL
1d,TRXUSDT_1d,RandomForestClassifier,"{1: 0.8579234972677595, 0: 0.14207650273224043}",DESBALANCEO PREDICCIÓN
1d,XRPUSDT_1d,RandomForestClassifier,0.5409836065573771,ACC CRYPTO TEST
1d,XRPUSDT_1d,RandomForestClassifier,0.5359816469451824,F1 CRYPTO TEST
1d,XRPUSDT_1d,RandomForestClassifier,"{0: 0.505464480874317, 1: 0.49453551912568305}",DESBALANCEO REAL
1d,XRPUSDT_1d,RandomForestClassifier,"{0: 0.5983606557377049, 1: 0.4016393442622951}",DESBALANCEO PREDICCIÓN
1d,global,GradientBoostingClassifier,0.518641975308642,ACC VALIDATION
1d,global,GradientBoostingClassifier,0.4507482705757032,F1 VALIDATION
1d,global,GradientBoostingClassifier,"{1: 0.7437037037037038, 0: 0.2562962962962963}",DESBALANCEO REAL VAL
1d,global,GradientBoostingClassifier,"{1: 0.9081481481481481, 0: 0.09185185185185185}",DESBALANCEO PREDICCIÓN VAL
1d,global,GradientBoostingClassifier,0.4918271604938272,ACC VALIDATION
1d,global,GradientBoostingClassifier,0.47262286335620785,F1 VALIDATION
1d,global,GradientBoostingClassifier,"{1: 0.7437037037037038, 0: 0.2562962962962963}",DESBALANCEO REAL VAL
1d,global,GradientBoostingClassifier,"{1: 0.557037037037037, 0: 0.44296296296296295}",DESBALANCEO PREDICCIÓN VAL
1d,global,GradientBoostingClassifier,0.4917283950617284,ACC VALIDATION
1d,global,GradientBoostingClassifier,0.4676114313419165,F1 VALIDATION
1d,global,GradientBoostingClassifier,"{1: 0.7437037037037038, 0: 0.2562962962962963}",DESBALANCEO REAL VAL
1d,global,GradientBoostingClassifier,"{1: 0.6162962962962963, 0: 0.3837037037037037}",DESBALANCEO PREDICCIÓN VAL
1d,global,GradientBoostingClassifier,0.48190123456790124,ACC VALIDATION
1d,global,GradientBoostingClassifier,0.47032816111051645,F1 VALIDATION
1d,global,GradientBoostingClassifier,"{1: 0.7437037037037038, 0: 0.2562962962962963}",DESBALANCEO REAL VAL
1d,global,GradientBoostingClassifier,"{0: 0.5466666666666666, 1: 0.4533333333333333}",DESBALANCEO PREDICCIÓN VAL
1d,global,GradientBoostingClassifier,0.49864197530864196,ACC VALIDATION
1d,global,GradientBoostingClassifier,0.4907731075906402,F1 VALIDATION
1d,global,GradientBoostingClassifier,"{1: 0.7437037037037038, 0: 0.2562962962962963}",DESBALANCEO REAL VAL
1d,global,GradientBoostingClassifier,"{0: 0.5303703703703704, 1: 0.4696296296296296}",DESBALANCEO PREDICCIÓN VAL
1d,global,GradientBoostingClassifier,0.4926172839506173,ACC VALIDATION
1d,global,GradientBoostingClassifier,0.48550580447252517,F1 VALIDATION
1d,global,GradientBoostingClassifier,"{1: 0.7437037037037038, 0: 0.2562962962962963}",DESBALANCEO REAL VAL
1d,global,GradientBoostingClassifier,"{0: 0.5303703703703704, 1: 0.4696296296296296}",DESBALANCEO PREDICCIÓN VAL
1d,global,GradientBoostingClassifier,0.504641975308642,ACC VALIDATION
1d,global,GradientBoostingClassifier,0.49198677531624513,F1 VALIDATION
1d,global,GradientBoostingClassifier,"{1: 0.7437037037037038, 0: 0.2562962962962963}",DESBALANCEO REAL VAL
1d,global,GradientBoostingClassifier,"{0: 0.5140740740740741, 1: 0.48592592592592593}",DESBALANCEO PREDICCIÓN VAL
1d,global,GradientBoostingClassifier,0.5034814814814815,ACC VALIDATION
1d,global,GradientBoostingClassifier,0.49371000169057816,F1 VALIDATION
1d,global,GradientBoostingClassifier,"{1: 0.7437037037037038, 0: 0.2562962962962963}",DESBALANCEO REAL VAL
1d,global,GradientBoostingClassifier,"{0: 0.5066666666666667, 1: 0.49333333333333335}",DESBALANCEO PREDICCIÓN VAL
1d,global,GradientBoostingClassifier,0.49377777777777776,ACC VALIDATION
1d,global,GradientBoostingClassifier,0.48691975343697635,F1 VALIDATION
1d,global,GradientBoostingClassifier,"{1: 0.7437037037037038, 0: 0.2562962962962963}",DESBALANCEO REAL VAL
1d,global,GradientBoostingClassifier,"{0: 0.554074074074074, 1: 0.44592592592592595}",DESBALANCEO PREDICCIÓN VAL
1d,global,GradientBoostingClassifier,0.4973827160493828,ACC VALIDATION
1d,global,GradientBoostingClassifier,0.4844138496511845,F1 VALIDATION
1d,global,GradientBoostingClassifier,"{1: 0.7437037037037038, 0: 0.2562962962962963}",DESBALANCEO REAL VAL
1d,global,GradientBoostingClassifier,"{0: 0.5170370370370371, 1: 0.482962962962963}",DESBALANCEO PREDICCIÓN VAL
1d,global,GradientBoostingClassifier,0.5075895567698846,ACC FINAL TEST
1d,global,GradientBoostingClassifier,0.5072216909713921,F1 FINAL TEST
1d,ADAUSDT_1d,GradientBoostingClassifier,0.5355191256830601,ACC CRYPTO TEST
1d,ADAUSDT_1d,GradientBoostingClassifier,0.5243846506650359,F1 CRYPTO TEST
1d,ADAUSDT_1d,GradientBoostingClassifier,"{0: 0.5409836065573771, 1: 0.45901639344262296}",DESBALANCEO REAL
1d,ADAUSDT_1d,GradientBoostingClassifier,"{0: 0.6120218579234973, 1: 0.3879781420765027}",DESBALANCEO PREDICCIÓN
1d,AVAXUSDT_1d,GradientBoostingClassifier,0.4918032786885246,ACC CRYPTO TEST
1d,AVAXUSDT_1d,GradientBoostingClassifier,0.4868385345997286,F1 CRYPTO TEST
1d,AVAXUSDT_1d,GradientBoostingClassifier,"{0: 0.5245901639344263, 1: 0.47540983606557374}",DESBALANCEO REAL
1d,AVAXUSDT_1d,GradientBoostingClassifier,"{0: 0.5737704918032787, 1: 0.4262295081967213}",DESBALANCEO PREDICCIÓN
1d,BNBUSDT_1d,GradientBoostingClassifier,0.46994535519125685,ACC CRYPTO TEST
1d,BNBUSDT_1d,GradientBoostingClassifier,0.46954936648338513,F1 CRYPTO TEST
1d,BNBUSDT_1d,GradientBoostingClassifier,"{1: 0.5382513661202186, 0: 0.46174863387978143}",DESBALANCEO REAL
1d,BNBUSDT_1d,GradientBoostingClassifier,"{0: 0.5109289617486339, 1: 0.4890710382513661}",DESBALANCEO PREDICCIÓN
1d,BTCUSDT_1d,GradientBoostingClassifier,0.5491803278688525,ACC CRYPTO TEST
1d,BTCUSDT_1d,GradientBoostingClassifier,0.5486108515775074,F1 CRYPTO TEST
1d,BTCUSDT_1d,GradientBoostingClassifier,"{1: 0.5628415300546448, 0: 0.4371584699453552}",DESBALANCEO REAL
1d,BTCUSDT_1d,GradientBoostingClassifier,"{0: 0.5273224043715847, 1: 0.4726775956284153}",DESBALANCEO PREDICCIÓN
1d,ETHUSDT_1d,GradientBoostingClassifier,0.4890710382513661,ACC CRYPTO TEST
1d,ETHUSDT_1d,GradientBoostingClassifier,0.48906722406778397,F1 CRYPTO TEST
1d,ETHUSDT_1d,GradientBoostingClassifier,"{1: 0.5136612021857924, 0: 0.48633879781420764}",DESBALANCEO REAL
1d,ETHUSDT_1d,GradientBoostingClassifier,"{0: 0.5163934426229508, 1: 0.48360655737704916}",DESBALANCEO PREDICCIÓN
1d,LINKUSDT_1d,GradientBoostingClassifier,0.5218579234972678,ACC CRYPTO TEST
1d,LINKUSDT_1d,GradientBoostingClassifier,0.4734245899617709,F1 CRYPTO TEST
1d,LINKUSDT_1d,GradientBoostingClassifier,"{0: 0.505464480874317, 1: 0.49453551912568305}",DESBALANCEO REAL
1d,LINKUSDT_1d,GradientBoostingClassifier,"{0: 0.7978142076502732, 1: 0.20218579234972678}",DESBALANCEO PREDICCIÓN
1d,SOLUSDT_1d,GradientBoostingClassifier,0.5,ACC CRYPTO TEST
1d,SOLUSDT_1d,GradientBoostingClassifier,0.49891895531432595,F1 CRYPTO TEST
1d,SOLUSDT_1d,GradientBoostingClassifier,"{1: 0.5136612021857924, 0: 0.48633879781420764}",DESBALANCEO REAL
1d,SOLUSDT_1d,GradientBoostingClassifier,"{0: 0.5601092896174863, 1: 0.43989071038251365}",DESBALANCEO PREDICCIÓN
1d,TRXUSDT_1d,GradientBoostingClassifier,0.5163934426229508,ACC CRYPTO TEST
1d,TRXUSDT_1d,GradientBoostingClassifier,0.4798590090487928,F1 CRYPTO TEST
1d,TRXUSDT_1d,GradientBoostingClassifier,"{1: 0.6010928961748634, 0: 0.3989071038251366}",DESBALANCEO REAL
1d,TRXUSDT_1d,GradientBoostingClassifier,"{1: 0.6639344262295082, 0: 0.3360655737704918}",DESBALANCEO PREDICCIÓN
1d,XRPUSDT_1d,GradientBoostingClassifier,0.49453551912568305,ACC CRYPTO TEST
1d,XRPUSDT_1d,GradientBoostingClassifier,0.4940785295326334,F1 CRYPTO TEST
1d,XRPUSDT_1d,GradientBoostingClassifier,"{0: 0.505464480874317, 1: 0.49453551912568305}",DESBALANCEO REAL
1d,XRPUSDT_1d,GradientBoostingClassifier,"{1: 0.5355191256830601, 0: 0.4644808743169399}",DESBALANCEO PREDICCIÓN
